make[1]: Entering directory '/home/luks/android_kernel_realme_mt6785/out'
  GEN     ./Makefile
  HOSTCC  scripts/basic/fixdep
  HOSTCC  scripts/kconfig/conf.o
  HOSTCC  scripts/kconfig/zconf.tab.o
  HOSTLD  scripts/kconfig/conf
scripts/kconfig/conf  --silentoldconfig Kconfig
drivers/input/touchscreen/mediatek/hxchipset_hx83102p/Kconfig:19:warning: choice value used outside its choice group
drivers/input/touchscreen/mediatek/hxchipset_hx83102p/Kconfig:28:warning: choice value used outside its choice group
  CHK     include/config/kernel.release
  UPD     include/config/kernel.release
  GEN     ./Makefile
  CHK     include/generated/uapi/linux/version.h
  WRAP    arch/arm64/include/generated/uapi/asm/errno.h
  WRAP    arch/arm64/include/generated/uapi/asm/ioctl.h
  WRAP    arch/arm64/include/generated/uapi/asm/ioctls.h
  WRAP    arch/arm64/include/generated/uapi/asm/ipcbuf.h
  UPD     include/generated/uapi/linux/version.h
  WRAP    arch/arm64/include/generated/uapi/asm/kvm_para.h
  WRAP    arch/arm64/include/generated/uapi/asm/mman.h
  WRAP    arch/arm64/include/generated/uapi/asm/msgbuf.h
  WRAP    arch/arm64/include/generated/uapi/asm/poll.h
  WRAP    arch/arm64/include/generated/uapi/asm/resource.h
  WRAP    arch/arm64/include/generated/uapi/asm/sembuf.h
  WRAP    arch/arm64/include/generated/uapi/asm/shmbuf.h
  WRAP    arch/arm64/include/generated/uapi/asm/socket.h
  WRAP    arch/arm64/include/generated/uapi/asm/sockios.h
  WRAP    arch/arm64/include/generated/uapi/asm/swab.h
  WRAP    arch/arm64/include/generated/uapi/asm/termbits.h
  WRAP    arch/arm64/include/generated/uapi/asm/termios.h
  WRAP    arch/arm64/include/generated/uapi/asm/types.h
  CHK     include/generated/utsrelease.h
  UPD     include/generated/utsrelease.h
  HOSTCC  scripts/basic/fixdep
  HOSTCC  scripts/basic/bin2c
../drivers/misc/mediatek/gud/Makefile.include:2: "CONFIG_MTK_PLATFORM: "mt6785""
../drivers/misc/mediatek/gud/Makefile.include:3: "CONFIG_TRUSTONIC_TEE_VERSION: "500""
../drivers/misc/mediatek/gud/Makefile.include:2: "CONFIG_MTK_PLATFORM: "mt6785""
../drivers/misc/mediatek/gud/Makefile.include:3: "CONFIG_TRUSTONIC_TEE_VERSION: "500""
  Using .. as source for kernel
../drivers/misc/mediatek/gud/Makefile.include:2: "CONFIG_MTK_PLATFORM: "mt6785""
../drivers/misc/mediatek/gud/Makefile.include:3: "CONFIG_TRUSTONIC_TEE_VERSION: "500""
  WRAP    arch/arm64/include/generated/asm/bugs.h
  WRAP    arch/arm64/include/generated/asm/clkdev.h
  WRAP    arch/arm64/include/generated/asm/delay.h
  WRAP    arch/arm64/include/generated/asm/div64.h
  WRAP    arch/arm64/include/generated/asm/dma.h
  WRAP    arch/arm64/include/generated/asm/dma-contiguous.h
  WRAP    arch/arm64/include/generated/asm/early_ioremap.h
  WRAP    arch/arm64/include/generated/asm/emergency-restart.h
  WRAP    arch/arm64/include/generated/asm/hw_irq.h
  WRAP    arch/arm64/include/generated/asm/irq_regs.h
  WRAP    arch/arm64/include/generated/asm/kdebug.h
  WRAP    arch/arm64/include/generated/asm/kmap_types.h
  WRAP    arch/arm64/include/generated/asm/local.h
  WRAP    arch/arm64/include/generated/asm/local64.h
  WRAP    arch/arm64/include/generated/asm/mcs_spinlock.h
  WRAP    arch/arm64/include/generated/asm/mm-arch-hooks.h
  WRAP    arch/arm64/include/generated/asm/msi.h
  WRAP    arch/arm64/include/generated/asm/preempt.h
  WRAP    arch/arm64/include/generated/asm/rwsem.h
  WRAP    arch/arm64/include/generated/asm/segment.h
  WRAP    arch/arm64/include/generated/asm/serial.h
  WRAP    arch/arm64/include/generated/asm/set_memory.h
  WRAP    arch/arm64/include/generated/asm/sizes.h
  WRAP    arch/arm64/include/generated/asm/switch_to.h
  WRAP    arch/arm64/include/generated/asm/trace_clock.h
  WRAP    arch/arm64/include/generated/asm/unaligned.h
  WRAP    arch/arm64/include/generated/asm/user.h
  WRAP    arch/arm64/include/generated/asm/vga.h
  WRAP    arch/arm64/include/generated/asm/xor.h
..
..
FDVT: Drv use 5.0 folder
..
..
..
..
..
*GPU CONFIG_MTK_FREQ_HOPPING = Y
*GPU MT_GPUFREQ_BRINGUP = 0
*GPU MT_GPUFREQ_GED_READY = 1
*GPU MT_GPUFREQ_KICKER_PBM_READY = 1
*GPU MT_GPUFREQ_STATIC_PWR_READY2USE = 1
*GPU MT_GPUFREQ_LOW_BATT_VOLT_PROTECT = 1
*GPU MT_GPUFREQ_BATT_PERCENT_PROTECT = 1
*GPU MT_GPUFREQ_BATT_OC_PROTECT = 1
*GPU MT_GPUFREQ_DYNAMIC_POWER_TABLE_UPDATE = 1
*GPU MT_GPUFREQ_SETTLE_TIME_PROFILE = 0
  LDS     scripts/module-lto.lds
../drivers/misc/mediatek/ccu/src/Makefile:29: CCU_MAKE_FILE_CALLED
  HOSTCC  scripts/dtc/dtc.o
../drivers/misc/mediatek/connectivity/bt/mt66xx/wmt/Makefile:15: set PM_QOS_CONTROL=1
 TARGET_BUILD_VARIANT = user
 BT_PLATFORM = 
 srctree = ..
../drivers/misc/mediatek/gud/Makefile.include:2: "CONFIG_MTK_PLATFORM: "mt6785""
../drivers/misc/mediatek/gud/Makefile.include:3: "CONFIG_TRUSTONIC_TEE_VERSION: "500""
../drivers/misc/mediatek/connectivity/common/Kbuild:121: wmt_drv build-in boot.img
../drivers/misc/mediatek/connectivity/common/Kbuild:213: KERNEL_VERSION_SUPPORT_CHIPID_LIST=[6785]
  HOSTCC  scripts/dtc/flattree.o
[fm_drv:Kbuild] M = 
[fm_drv:Kbuild] CFG_FM_PLAT = 
[fm_drv:Kbuild] CFG_BUILD_CONNAC2 = 
[fm_drv:Kbuild] CFG_FM_CHIP_ID = 6785
[fm_drv:Kbuild] CFG_FM_CHIP = mt6631
[fm_drv:Kbuild] fmradio_drv_ build-in boot.img
[fm_drv:Kbuild] src = drivers/misc/mediatek/connectivity/fmradio
[fm_drv:Kbuild] KO_CODE_PATH = ../drivers/misc/mediatek/connectivity/fmradio
../drivers/misc/mediatek/connectivity/gps/Makefile:17: GPS_CHIP_ID != common
MTK_GPU_VERSION 1 = mali
../drivers/misc/mediatek/connectivity/wlan/adaptor/Makefile:55: wmt_chrdev_wifi build-in boot.img
os option: linux
$MTK_PLATFORM is [mt6785]
$WLAN_CHIP_ID is [6785]
$MTK_COMBO_CHIP is [CONNAC]
imgsensor drv by common ../common/v1_1/imx586_mipi_raw/ ../common/v1_1/s5k2l7_mipi_raw/ ../common/v1_1/s5k2t7sp_mipi_raw/ ../common/v1_1/imx398_mipi_raw/ ../common/v1_1/imx350_mipi_raw/ ../common/v1_1/imx386_mipi_raw/ ../common/v1_1/imx386_mipi_mono/ ../common/v1_1/imx499_mipi_raw/ ../common/v1_1/imx576_mipi_raw/ ../common/v1_1/s5k2lqsx_mipi_raw/ ../common/v1_1/s5k4h7_mipi_raw/ ../common/v1_1/ov64b_mipi_raw_20730/ ../common/v1_1/imx471_mipi_raw2_20730/ ../common/v1_1/ov8856_mipi_raw2_20730/ ../common/v1_1/gc02m1b_mipi_mono_20730/ ../common/v1_1/gc02m1_mipi_raw_20730/ ../common/v1_1/imx682_mipi_raw/ ../common/v1_1/salaa_qtech_main_s5kgm1sp/ ../common/v1_1/s5kgm1sp_mipi_raw/ ../common/v1_1/imx471_mipi_raw1/ ../common/v1_1/ov8856_mipi_raw/ ../common/v1_1/sala_wide_ov8856/ ../common/v1_1/sala_ov02b10_mipi_raw/ ../common/v1_1/ov02b1b_mipi_mono/
imgsensor drv by platform imx519_mipi_raw/ s5khm2sp_mipi_raw/
imgsensor drv by platform 
************  drivers/trusty/mtee-kree mk ************
../drivers/misc/mediatek/gud/Makefile.include:2: "CONFIG_MTK_PLATFORM: "mt6785""
../drivers/misc/mediatek/gud/Makefile.include:3: "CONFIG_TRUSTONIC_TEE_VERSION: "500""
  HOSTCC  scripts/genksyms/genksyms.o
../drivers/misc/mediatek/connectivity/wlan/core/gen4m/Makefile:565: wlan_drv_gen4m build-in boot.img
SERVICE_DIR is [{}]
$CCFLAG is [{-Wno-unused-variable -Wno-unused-value -Wno-unused-result -Wno-format -Wno-parentheses -UMT6620 -UMT6628 -UMT5931 -UMT6630 -UMT6632 -UMT7663 -USOC2_1X1 -USOC2_2X2 -UUT_TEST_MODE -UMT7915 -USOC3_0 -UMT7961 -USOC5_0 -USOC7_0 -DCONFIG_WLAN_MTK_EMI=1 -DCFG_SUPPORT_DEBUG_FS=0 -DWLAN_INCLUDE_PROC -DCFG_SUPPORT_AGPS_ASSIST=0 -DCFG_SUPPORT_TSF_USING_BOOTTIME=1 -DARP_MONITER_ENABLE=1 -Wno-unused-but-set-variable -DLINUX -DOPLUS_WLAN_BUG_STABILITY=1 -DCONNAC -DCFG_ENABLE_HOST_BUS_TIMEOUT=0 -DCFG_SUPPORT_SET_IPV6_NETWORK=0 -DCFG_SUPPORT_MDDP_AOR=0 -DCFG_TRI_TX_RING=0 -DCFG_ANDORID_CONNINFRA_SUPPORT=0 -DCFG_SUPPORT_CONNAC2X=0 -DCFG_SUPPORT_CONNAC2X_2x2=0 -DCFG_SUPPORT_802_11AX=0 -DCFG_SUPPORT_802_11BE=0 -DCFG_SUPPORT_WIFI_6G=0 -DCFG_SUPPORT_TWT=0 -DCFG_TWT_SMART_STA=0 -DCFG_DRIVER_INITIAL_RUNNING_MODE=3 -DCFG_SUPPORT_DUAL_STA=1 -DCFG_MTK_ANDROID_WMT=1 -DCFG_SUPPORT_CONNINFRA=0 -DCFG_ANDORID_CONNINFRA_COREDUMP_SUPPORT=0 -DCFG_SUPPORT_PRE_ON_PHY_ACTION=0 -I../drivers/misc/mediatek/connectivity/common/common_main/include -I../drivers/misc/mediatek/connectivity/common/common_main/linux/include -DWMT_IDC_SUPPORT=1 -DMTK_WCN_WMT_STP_EXP_SYMBOL_ABSTRACT -DCFG_SUPPORT_POWER_THROTTLING=0 -DCFG_MTK_ANDROID_EMI=1 -DCFG_WIFI_IP_SET=2 -DCFG_BUILT_IN_DRIVER=1 -DCFG_SUPPORT_CHNL_CONFLICT_REVISE=0 -DCFG_SUPPORT_AEE=0 -DBUILD_QA_DBG=0 -D_HIF_AXI=1 -DCFG_DOWNLOAD_DYN_MEMORY_MAP=0 -DCFG_SUPPORT_PASSPOINT=1 -DCFG_HS20_DEBUG=1 -DCFG_MET_PACKET_TRACE_SUPPORT=1 -DCFG_MET_TAG_SUPPORT=0 -DCFG_TC3_FEATURE=0 -DCFG_TC10_FEATURE=0 -DCONFIG_MTK_MD_SUPPORT=1 -DCFG_TC1_FEATURE=0 -DCFG_SUPPORT_NAN=0 -DDBG=0 -Idrivers/misc/mediatek/connectivity/wlan/core/gen4m/os -Idrivers/misc/mediatek/connectivity/wlan/core/gen4m/os/linux/include -Idrivers/misc/mediatek/connectivity/wlan/core/gen4m/include -Idrivers/misc/mediatek/connectivity/wlan/core/gen4m/include/nic -Idrivers/misc/mediatek/connectivity/wlan/core/gen4m/include/mgmt -Idrivers/misc/mediatek/connectivity/wlan/core/gen4m/include/chips -I../drivers/misc/mediatek/base/power/include/ -I../drivers/misc/mediatek/include/mt-plat/ -I../drivers/misc/mediatek/performance/include/ -I../drivers/misc/mediatek/emi/mt6785 -I../drivers/misc/mediatek/emi/submodule -I../drivers/misc/mediatek/pmic/include/ -I../drivers/misc/mediatek/power_throttling/ -I../drivers/misc/mediatek/connectivity/common -I../drivers/devfreq/ -I../net -I../drivers/misc/mediatek/connectivity/connfem/include/ -DCFG_MTK_MDDP_SUPPORT=0 -Idrivers/misc/mediatek/connectivity/wlan/core/gen4m/os/linux/hif/common/include -Idrivers/misc/mediatek/connectivity/wlan/core/gen4m/os/linux/hif/axi/include -DCONFIG_WLAN_DRV_BUILD_IN=1 -DCFG_SUPPORT_PKT_OFLD=0 -DCONFIG_WLAN_SERVICE=1 -DCONFIG_TEST_ENGINE_OFFLOAD=1 -Idrivers/misc/mediatek/connectivity/wlan/core/gen4m/wlan_service/include -Idrivers/misc/mediatek/connectivity/wlan/core/gen4m/wlan_service/service/include -Idrivers/misc/mediatek/connectivity/wlan/core/gen4m/wlan_service/glue/osal/include -Idrivers/misc/mediatek/connectivity/wlan/core/gen4m/wlan_service/glue/hal/include}]
$MTK_WLAN_SERVICE is [{wlan_service/agent/agent.o wlan_service/service/service_test.o wlan_service/service/test_engine.o wlan_service/glue/osal/gen4m/sys_adaption_gen4m.o wlan_service/glue/osal/gen4m/net_adaption_gen4m.o wlan_service/glue/hal/gen4m/operation_gen4m.o}]
  CC      scripts/mod/empty.o
  SHIPPED scripts/genksyms/parse.tab.c
*MTK_GPU_VERSION 2 = bifrost
  SHIPPED scripts/genksyms/lex.lex.c
  SHIPPED scripts/genksyms/parse.tab.h
  HOSTCC  scripts/mod/mk_elfconfig
  HOSTCC  scripts/genksyms/parse.tab.o
*MTK_GPU_VERSION 3 = r25p0
../drivers/misc/mediatek/gud/Makefile.include:2: "CONFIG_MTK_PLATFORM: "mt6785""
../drivers/misc/mediatek/gud/Makefile.include:3: "CONFIG_TRUSTONIC_TEE_VERSION: "500""
mali MTK evironment, building r19p0 DDK
mtk-Kbuild CONFIG_MALI_PLATFORM_THIRDPARTY := y
mtk-Kbuild CONFIG_MALI_PLATFORM_THIRDPARTY_NAME := "mt6785"
*GPU defined GPU BM QoS 2.0
mali MTK evironment, building r19p0 DDK
mtk-Kbuild CONFIG_MALI_PLATFORM_THIRDPARTY := y
mtk-Kbuild CONFIG_MALI_PLATFORM_THIRDPARTY_NAME := "mt6785"
*GPU defined GPU BM QoS 2.0
mali MTK evironment, building r19p0 DDK
mtk-Kbuild CONFIG_MALI_PLATFORM_THIRDPARTY := y
mtk-Kbuild CONFIG_MALI_PLATFORM_THIRDPARTY_NAME := "mt6785"
*GPU defined GPU BM QoS 2.0
  HOSTCC  scripts/dtc/fstree.o
  CC      scripts/mod/devicetable-offsets.s
  HOSTCC  scripts/genksyms/lex.lex.o
  MKELF   scripts/mod/elfconfig.h
  CHK     scripts/mod/devicetable-offsets.h
  HOSTCC  scripts/dtc/data.o
  UPD     scripts/mod/devicetable-offsets.h
  HOSTCC  scripts/dtc/livetree.o
  HOSTCC  scripts/mod/sumversion.o
  CC      kernel/bounds.s
  CHK     include/generated/timeconst.h
  HOSTCC  scripts/dtc/treesource.o
  UPD     include/generated/timeconst.h
  CHK     include/generated/bounds.h
  UPD     include/generated/bounds.h
  CC      arch/arm64/kernel/asm-offsets.s
  HOSTCC  scripts/dtc/srcpos.o
  HOSTCC  scripts/mod/modpost.o
  HOSTCC  scripts/dtc/checks.o
  HOSTCC  scripts/dtc/util.o
  HOSTCC  scripts/selinux/genheaders/genheaders
  HOSTCC  scripts/mod/file2alias.o
  HOSTLD  scripts/genksyms/genksyms
  HOSTCC  scripts/kallsyms
  HOSTCC  scripts/pnmtologo
  SHIPPED scripts/dtc/dtc-lexer.lex.c
  HOSTCC  scripts/sortextable
  HOSTCC  scripts/selinux/mdp/mdp
  HOSTCC  scripts/asn1_compiler
  SHIPPED scripts/dtc/dtc-parser.tab.h
  SHIPPED scripts/dtc/dtc-parser.tab.c
  HOSTCC  scripts/dtc/dtc-lexer.lex.o
  HOSTCC  scripts/extract-cert
  HOSTCC  scripts/dtc/dtc-parser.tab.o
  CHK     include/generated/asm-offsets.h
  UPD     include/generated/asm-offsets.h
  CALL    ../scripts/checksyscalls.sh
  HOSTLD  scripts/mod/modpost
  LDS     arch/arm64/kernel/vdso/vdso.lds
  HOSTLD  scripts/dtc/dtc
  VDSOC   arch/arm64/kernel/vdso/vgettimeofday.o
TCORE_UT_TESTS_SUPPORT = n
TCORE_PROFILING_SUPPORT = n
TCORE_PROFILING_AUTO_DUMP = n
TCORE_MEMORY_LEAK_DETECTION_SUPPORT = n
../drivers/misc/mediatek/gud/Makefile.include:2: "CONFIG_MTK_PLATFORM: "mt6785""
../drivers/misc/mediatek/gud/Makefile.include:3: "CONFIG_TRUSTONIC_TEE_VERSION: "500""
  VDSOA   arch/arm64/kernel/vdso/note.o
  VDSOA   arch/arm64/kernel/vdso/sigreturn.o
../drivers/misc/mediatek/gud/Makefile.include:2: "CONFIG_MTK_PLATFORM: "mt6785""
../drivers/misc/mediatek/gud/Makefile.include:3: "CONFIG_TRUSTONIC_TEE_VERSION: "500""
../drivers/misc/mediatek/gud/Makefile.include:2: "CONFIG_MTK_PLATFORM: "mt6785""
../drivers/misc/mediatek/gud/Makefile.include:3: "CONFIG_TRUSTONIC_TEE_VERSION: "500""
  LD      arch/arm64/kernel/vdso/vdso.so.dbg
  VDSOSYM include/generated/vdso-offsets.h
  LDS     arch/arm64/kernel/vdso32/vdso.lds
  VDSOC32   arch/arm64/kernel/vdso32/vgettimeofday.o
  VDSOA32   arch/arm64/kernel/vdso32/sigreturn.o
  HOSTCC  arch/arm64/kernel/vdso32/../../../arm/vdso/vdsomunge
  VDSOL32   arch/arm64/kernel/vdso32/vdso.so.raw
  MUNGE   arch/arm64/kernel/vdso32/vdso.so.dbg
  VDSOSYM include/generated/vdso32-offsets.h
  CC      init/main.o
  CHK     include/generated/compile.h
  CC      init/do_mounts.o
  CC      init/do_mounts_rd.o
  HOSTCC  usr/gen_init_cpio
  CC      init/do_mounts_initrd.o
  CC      init/noinitramfs.o
  CC      init/initramfs.o
  CC      init/calibrate.o
  CC      init/init_task.o
  UPD     include/generated/compile.h
  CC      arch/arm64/mm/dma-mapping.o
  CC      arch/arm64/kernel/debug-monitors.o
  CC      arch/arm64/net/bpf_jit_comp.o
  GEN     usr/initramfs_data.cpio
  CC      init/version.o
  AS      usr/initramfs_data.o
  AR      usr/built-in.o
  CC      arch/arm64/crypto/sha2-ce-glue.o
  CC      arch/arm64/mm/extable.o
  CC      arch/arm64/mm/fault.o
  AS      arch/arm64/kernel/entry.o
  AS      arch/arm64/crypto/sha2-ce-core.o
  CC      arch/arm64/kernel/irq.o
  AS      arch/arm64/crypto/aes-ce-core.o
  CC      arch/arm64/kernel/fpsimd.o
  CC      arch/arm64/crypto/aes-ce-glue.o
  CC      kernel/fork.o
  CC      arch/arm64/mm/init.o
  CC      certs/system_keyring.o
  AS      arch/arm64/mm/cache.o
  CC      arch/arm64/crypto/aes-glue-ce.o
  AR      arch/arm64/net/built-in.o
  CC      arch/arm64/mm/copypage.o
  EXTRACT_CERTS   
  AS      certs/system_certificates.o
  CC      arch/arm64/mm/flush.o
  CC      mm/filemap.o
  AS      arch/arm64/kernel/entry-fpsimd.o
  CC      arch/arm64/mm/ioremap.o
  CC      arch/arm64/kernel/process.o
  AR      init/mounts.o
  AR      certs/built-in.o
  AR      init/built-in.o
  AS      arch/arm64/crypto/aes-ce.o
  CC      arch/arm64/kernel/ptrace.o
  CC      arch/arm64/mm/mmap.o
  CC      arch/arm64/crypto/sha256-glue.o
  CC      arch/arm64/mm/pgd.o
  CC      fs/open.o
  SHIPPED arch/arm64/crypto/sha256-core.S
  AS      arch/arm64/crypto/aes-cipher-core.o
  CC      arch/arm64/crypto/aes-cipher-glue.o
  CC      arch/arm64/mm/mmu.o
  CC      arch/arm64/mm/context.o
  AS      arch/arm64/mm/proc.o
  CC      arch/arm64/mm/pageattr.o
  AS      arch/arm64/mm/cache-mtk-v8.o
  AR      arch/arm64/crypto/sha2-ce.o
  AR      arch/arm64/crypto/aes-ce-cipher.o
  AR      arch/arm64/crypto/aes-ce-blk.o
  AS      arch/arm64/crypto/sha256-core.o
  AR      arch/arm64/crypto/aes-arm64.o
  CC      kernel/exec_domain.o
  CC      arch/arm64/kernel/setup.o
  CC      kernel/panic.o
  CC      mm/mempool.o
  AR      ipc/built-in.o
  AR      arch/arm64/crypto/sha256-arm64.o
  CC      arch/arm64/kernel/signal.o
  AR      arch/arm64/crypto/built-in.o
  CC      mm/oom_kill.o
  CC      security/integrity/iint.o
  CC      kernel/cpu.o
  CC      security/keys/gc.o
  AR      arch/arm64/mm/built-in.o
  CC      kernel/exit.o
  CC      crypto/api.o
  CC      fs/read_write.o
  CC      arch/arm64/kernel/sys.o
  AR      security/integrity/integrity.o
  CC      block/bio.o
  AR      security/integrity/built-in.o
  GEN     security/selinux/flask.h security/selinux/av_permissions.h
  CC      security/selinux/avc.o
  CC      security/selinux/hooks.o
  CC      security/keys/key.o
  CC      mm/maccess.o
  CC      arch/arm64/kernel/stacktrace.o
  CC      mm/page_alloc.o
  CC      arch/arm64/kernel/time.o
  CC      kernel/softirq.o
  CC      crypto/cipher.o
  CC      mm/page-writeback.o
  CC      security/keys/keyring.o
  CC      arch/arm64/kernel/traps.o
  CC      kernel/resource.o
  CC      security/selinux/selinuxfs.o
  CC      fs/file_table.o
  CC      block/elevator.o
  CC      crypto/compress.o
  CC      drivers/amba/bus.o
  CC      kernel/sysctl.o
  CC      arch/arm64/kernel/io.o
  CC      security/selinux/netlink.o
  CC      security/keys/keyctl.o
  CC      crypto/memneq.o
  CC      fs/super.o
  CC      kernel/sysctl_binary.o
  AR      drivers/amba/built-in.o
  CC      arch/arm64/kernel/vdso.o
  CC      drivers/android/binderfs.o
  CC      security/selinux/nlmsgtab.o
  CC      mm/readahead.o
  CC      block/blk-core.o
  CC      security/selinux/netif.o
  CC      mm/swap.o
  CC      security/keys/permission.o
  AS      arch/arm64/kernel/hyp-stub.o
  CC      drivers/android/binder.o
  CC      crypto/crypto_wq.o
  CC      arch/arm64/kernel/psci.o
  CC      kernel/capability.o
  CC      arch/arm64/kernel/cpu_ops.o
  CC      fs/char_dev.o
  CC      block/blk-tag.o
  CC      security/keys/process_keys.o
  CC      mm/truncate.o
  AR      drivers/auxdisplay/built-in.o
  CC      security/selinux/netnode.o
  CC      arch/arm64/kernel/insn.o
  CC      crypto/algapi.o
  CC      drivers/base/component.o
  CC      sound/sound_core.o
  CC      kernel/ptrace.o
  CC      fs/stat.o
  CC      security/keys/request_key.o
  AR      firmware/built-in.o
  CC      block/blk-sysfs.o
  CC      arch/arm64/kernel/return_address.o
  CC      net/socket.o
  CC      drivers/base/core.o
  CC      mm/vmscan.o
  AR      sound/arm/built-in.o
  CC      security/selinux/netport.o
  CC      drivers/android/binder_alloc.o
  AR      sound/atmel/built-in.o
  CC      sound/core/sound.o
  CC      security/keys/request_key_auth.o
  CC      crypto/scatterwalk.o
  CC      block/blk-flush.o
../drivers/android/binder_alloc.c:365:22: warning: unused variable 'debug_task' [-Wunused-variable]
  365 |         struct task_struct *debug_task;
      |                             ^~~~~~~~~~
  CC      arch/arm64/kernel/cpuinfo.o
  CC      kernel/user.o
  CC      fs/exec.o
1 warning generated.
  AR      drivers/android/built-in.o
  CC      sound/core/init.o
  CC      drivers/base/bus.o
  CC      security/keys/user_defined.o
  CC      security/selinux/ibpkey.o
  CC      arch/arm64/kernel/cpu_errata.o
  CC      kernel/signal.o
  CC      crypto/proc.o
  CC      block/blk-settings.o
  CC      drivers/base/dd.o
  CC      drivers/base/syscore.o
  CC      sound/core/memory.o
  CC      security/keys/compat.o
  CC      arch/arm64/kernel/cpufeature.o
  CC      mm/shmem.o
  CC      crypto/aead.o
  CC      security/selinux/exports.o
  CC      fs/pipe.o
  CC      net/802/p8022.o
  CC      security/keys/proc.o
  CC      sound/core/control.o
  CC      drivers/base/driver.o
  CC      block/blk-ioc.o
  CC      security/selinux/ss/ebitmap.o
  CC      drivers/base/class.o
  CC      arch/arm64/kernel/alternative.o
  CC      security/keys/sysctl.o
  CC      net/802/psnap.o
  CC      crypto/ablkcipher.o
  CC      fs/namei.o
  AS      arch/arm64/lib/bitops.o
  CC      kernel/sys.o
  AS      arch/arm64/lib/clear_page.o
  CC      drivers/base/platform.o
  AS      arch/arm64/lib/clear_user.o
  AS      arch/arm64/lib/copy_from_user.o
  CC      arch/arm64/kernel/cacheinfo.o
  CC      security/selinux/ss/hashtab.o
  AR      security/keys/built-in.o
  CC      block/blk-map.o
  CC      security/commoncap.o
  AS      arch/arm64/lib/copy_in_user.o
  CC      mm/util.o
  AS      arch/arm64/lib/copy_page.o
  AS      arch/arm64/lib/copy_to_user.o
  CC      arch/arm64/lib/delay.o
  CC      arch/arm64/kernel/smp.o
  CC      security/selinux/ss/symtab.o
  CC      sound/core/misc.o
  CC      security/selinux/ss/sidtab.o
  CC      net/802/stp.o
  CC      crypto/blkcipher.o
  AS      arch/arm64/lib/memchr.o
  CC      drivers/base/cpu.o
  CC      block/blk-exec.o
  CC      security/min_addr.o
  AS      arch/arm64/lib/memcmp.o
  AS      arch/arm64/lib/memcpy.o
  CC      sound/core/device.o
  CC      mm/mmzone.o
  AS      arch/arm64/lib/memmove.o
  AS      arch/arm64/lib/memset.o
  AS      arch/arm64/lib/strchr.o
  AS      arch/arm64/lib/strcmp.o
  CC      kernel/umh.o
  CC      arch/arm64/kernel/smp_spin_table.o
  AS      arch/arm64/lib/strlen.o
  AS      arch/arm64/lib/strncmp.o
  AS      arch/arm64/lib/strnlen.o
  AR      net/802/built-in.o
  CC      mm/vmstat.o
  CC      security/selinux/ss/avtab.o
  CC      net/8021q/vlan_core.o
  AS      arch/arm64/lib/strrchr.o
  CC      fs/fcntl.o
  CC      drivers/base/firmware.o
  AR      arch/arm64/lib/lib.a
  CC      sound/core/info.o
  EXPORTS arch/arm64/lib/lib-ksyms.o
  CC      crypto/skcipher.o
  CC      block/blk-merge.o
  CC      lib/lockref.o
  CC      arch/arm64/kernel/topology.o
  AR      arch/arm64/lib/built-in.o
  CC      lib/bcd.o
  AR      virt/lib/built-in.o
  AR      virt/built-in.o
  CC      lib/div64.o
  CC      kernel/workqueue.o
  CC      drivers/base/init.o
  CC      lib/sort.o
  CC      lib/parser.o
  CC      security/selinux/ss/policydb.o
  CC      sound/core/ctljack.o
  AS      arch/arm64/kernel/smccc-call.o
  CC      net/8021q/vlan.o
  CC      arch/arm64/kernel/sys32.o
  CC      mm/backing-dev.o
  CC      fs/ioctl.o
  CC      drivers/base/map.o
  CC      block/blk-softirq.o
  CC      lib/debug_locks.o
  CC      crypto/seqiv.o
  CC      sound/core/jack.o
  DTC     arch/arm64/boot/dts/mediatek/mt6785.dtb
  CC      drivers/base/devres.o
  DTC     arch/arm64/boot/dts/mediatek/oplus6785_20682.dtbo
  CC      arch/arm64/kernel/signal32.o
  CC      lib/random32.o
  DTC     arch/arm64/boot/dts/mediatek/oplus6785_20684.dtbo
  DTC     arch/arm64/boot/dts/mediatek/oplus6785_20730.dtbo
  CC      net/8021q/vlan_dev.o
  CC      mm/mm_init.o
  CC      sound/core/hwdep.o
  CC      lib/bust_spinlocks.o
  CC      crypto/echainiv.o
  CC      fs/readdir.o
  CC      block/blk-timeout.o
  CC      kernel/pid.o
  DTC     arch/arm64/boot/dts/mediatek/oplus6785_20682.dtbo
  CC      drivers/base/attribute_container.o
  DTC     arch/arm64/boot/dts/mediatek/oplus6785_20684.dtbo
  CC      security/selinux/ss/services.o
  DTC     arch/arm64/boot/dts/mediatek/oplus6785_20730.dtbo
  CC      lib/kasprintf.o
  CC      arch/arm64/kernel/sys_compat.o
  CC      block/blk-lib.o
  CC      mm/mmu_context.o
  CC      crypto/ahash.o
  CC      sound/core/timer.o
  CC      net/8021q/vlan_netlink.o
  CC      lib/bitmap.o
  CC      block/blk-mq.o
  CC      drivers/base/transport_class.o
  CC      fs/select.o
  AS      arch/arm64/kernel/entry32.o
  AS      arch/arm64/kernel/kuser32.o
  CC      mm/percpu.o
  CC      arch/arm64/kernel/arm64ksyms.o
  CC      kernel/task_work.o
  CC      block/blk-mq-tag.o
  CC      drivers/base/topology.o
  CC      net/8021q/vlanproc.o
  CC      crypto/shash.o
  CC      kernel/extable.o
  CC      sound/core/hrtimer.o
  CC      drivers/base/container.o
  CC      arch/arm64/kernel/module.o
  CC      block/blk-stat.o
  AR      net/8021q/8021q.o
  AR      net/8021q/built-in.o
  CC      net/bpf/test_run.o
  CC      sound/core/pcm.o
  CC      drivers/base/property.o
  CC      block/blk-mq-sysfs.o
  CC      mm/slab_common.o
  CC      fs/dcache.o
  CC      security/selinux/ss/conditional.o
  CC      arch/arm64/kernel/module-plts.o
  CC      kernel/params.o
  CC      crypto/akcipher.o
  CC      lib/scatterlist.o
  CC      arch/arm64/kernel/perf_regs.o
  CC      block/blk-mq-cpumap.o
  AR      net/bpf/built-in.o
  CC      block/blk-mq-sched.o
  CC      net/bridge/br.o
  CC      sound/core/pcm_native.o
  CC      kernel/kthread.o
  CC      security/selinux/ss/mls.o
  CC      crypto/kpp.o
  CC      mm/compaction.o
  CC      arch/arm64/kernel/perf_callchain.o
  CC      lib/gcd.o
  CC      lib/lcm.o
  CC      drivers/base/cacheinfo.o
  CC      lib/list_sort.o
  CC      block/ioctl.o
  CC      arch/arm64/kernel/perf_event.o
  CC      lib/uuid.o
  CC      kernel/sys_ni.o
  CC      fs/inode.o
  CC      security/security.o
  CC      net/bridge/br_device.o
  CC      kernel/nsproxy.o
  CC      security/selinux/ss/status.o
  ASN.1   crypto/rsapubkey-asn1.c
  ASN.1   crypto/rsaprivkey-asn1.c
  CC      crypto/rsa.o
  CC      drivers/base/kernelFwUpdate/kernelFwUpdate.o
  CC      lib/flex_array.o
  CC      mm/vmacache.o
  CC      lib/iov_iter.o
  CC      arch/arm64/kernel/hw_breakpoint.o
  CC      crypto/rsa_helper.o
  CC      block/genhd.o
  AR      drivers/base/kernelFwUpdate/oplus_bsp_fw_update.o
  CC      kernel/notifier.o
  AR      drivers/base/kernelFwUpdate/built-in.o
  CC      drivers/base/power/sysfs.o
  CC      crypto/rsa-pkcs1pad.o
  AR      security/selinux/selinux.o
  AR      security/selinux/built-in.o
  CC      mm/swap_slots.o
  CC      sound/core/pcm_lib.o
  CC      net/core/sock.o
  CC      net/bridge/br_fdb.o
  AS      arch/arm64/kernel/sleep.o
  CC      fs/attr.o
  CC      drivers/base/power/generic_ops.o
  CC      arch/arm64/kernel/suspend.o
  CC      kernel/ksysfs.o
  CC      mm/interval_tree.o
  AR      security/built-in.o
  CC      crypto/acompress.o
  CC      drivers/block/brd.o
  CC      block/partition-generic.o
  CC      arch/arm64/kernel/cpuidle.o
  CC      lib/clz_ctz.o
  CC      lib/bsearch.o
  CC      fs/bad_inode.o
  CC      kernel/cred.o
  CC      drivers/base/power/common.o
  CC      mm/list_lru.o
  CC      drivers/block/loop.o
  CC      net/bridge/br_forward.o
  CC      arch/arm64/kernel/armv8_deprecated.o
  CC      crypto/scompress.o
  CC      sound/core/pcm_misc.o
  CC      fs/file.o
  CC      block/ioprio.o
  CC      lib/find_bit.o
  CC      drivers/base/power/qos.o
  CC      lib/llist.o
  CC      mm/workingset.o
  CC      kernel/reboot.o
  CC      lib/memweight.o
  CC      arch/arm64/kernel/kaslr.o
  CC      lib/kfifo.o
  CC      net/core/request_sock.o
  CC      crypto/algboss.o
  CC      arch/arm64/kernel/ssbd.o
  CC      drivers/block/zram/zcomp.o
  CC      mm/debug.o
  CC      sound/core/pcm_memory.o
  CC      drivers/base/power/runtime.o
  CC      block/badblocks.o
  CC      fs/filesystems.o
  CC      net/bridge/br_if.o
  CC      kernel/async.o
  CC      drivers/block/zram/zram_drv.o
  CC      arch/arm64/kernel/probes/kprobes.o
  CC      crypto/testmgr.o
  CC      lib/percpu-refcount.o
  CC      net/core/skbuff.o
  CC      sound/core/memalloc.o
  CC      block/partitions/check.o
  CC      mm/gup.o
  CC      kernel/range.o
  CC      drivers/base/power/wakeirq.o
  CC      fs/namespace.o
  CC      lib/percpu_ida.o
  CC      kernel/smpboot.o
  CC      arch/arm64/kernel/probes/decode-insn.o
  CC      net/bridge/br_input.o
  AR      drivers/block/zram/zram.o
  CC      crypto/cmac.o
  AR      drivers/block/zram/built-in.o
  AR      drivers/block/built-in.o
  AR      drivers/bus/built-in.o
  CC      kernel/ucount.o
  CC      block/partitions/msdos.o
  CC      sound/core/pcm_timer.o
  CC      drivers/base/power/main.o
  AS      arch/arm64/kernel/probes/kprobes_trampoline.o
  CC      kernel/kmod.o
  CC      lib/rhashtable.o
  CC      arch/arm64/kernel/probes/simulate-insn.o
  CC      kernel/groups.o
  CC      crypto/hmac.o
  CC      mm/highmem.o
  CC      block/partitions/efi.o
  CC      sound/core/seq_device.o
  AR      arch/arm64/kernel/probes/built-in.o
  OBJCOPY arch/arm64/kernel/vdso/vdso.so
  CC      net/bridge/br_ioctl.o
  AS      arch/arm64/kernel/vdso/vdso.o
  AR      arch/arm64/kernel/vdso/built-in.o
  CC      fs/seq_file.o
mm/.tmp_highmem.o: no symbols
  CC      mm/memory.o
  CC      crypto/xcbc.o
  AR      drivers/cdrom/built-in.o
  CC      net/ethernet/eth.o
  CC      drivers/base/power/wakeup.o
  CC      sound/core/rawmidi.o
  AR      block/partitions/built-in.o
  CC      lib/reciprocal_div.o
  CC      block/scsi_ioctl.o
  CC      kernel/bpf/core.o
  CC      lib/once.o
  OBJCOPY arch/arm64/kernel/vdso32/vdso.so
  AS      arch/arm64/kernel/vdso32/vdso.o
  AR      arch/arm64/kernel/vdso32/built-in.o
  AS      arch/arm64/kernel/head.o
  CC      net/core/datagram.o
  LDS     arch/arm64/kernel/vmlinux.lds
  CC      crypto/crypto_null.o
  AR      arch/arm64/kernel/built-in.o
  CC      kernel/bpf/syscall.o
  CC      net/bridge/br_stp.o
  CC      fs/xattr.o
  CC      lib/refcount.o
  CC      lib/usercopy.o
  CC      drivers/base/power/wakeup_stats.o
  AR      net/ethernet/built-in.o
  CC      block/noop-iosched.o
lib/.tmp_usercopy.o: no symbols
  CC      lib/errseq.o
  CC      crypto/md5.o
  CC      sound/core/seq/seq.o
  CC      net/ipv4/route.o
  CC      lib/string_helpers.o
  CC      net/bridge/br_stp_bpdu.o
  CC      kernel/bpf/verifier.o
  CC      drivers/base/power/opp/core.o
  CC      mm/mincore.o
  CC      fs/libfs.o
  CC      block/deadline-iosched.o
  CC      sound/core/seq/seq_lock.o
  CC      net/core/stream.o
  CC      lib/hexdump.o
  CC      crypto/sha1_generic.o
  CC      sound/core/seq/seq_clientmgr.o
  CC      mm/mlock.o
  CC      lib/kstrtox.o
  CC      sound/core/seq/seq_memory.o
  CC      net/bridge/br_stp_if.o
  CC      block/cfq-iosched.o
  CC      drivers/base/power/opp/cpu.o
  CC      fs/fs-writeback.o
  CC      lib/pci_iomap.o
  CC      net/core/scm.o
  CC      crypto/sha256_generic.o
  CC      lib/iomap_copy.o
  CC      drivers/base/power/opp/of.o
  CC      sound/core/seq/seq_queue.o
  CC      net/ipv4/inetpeer.o
  CC      net/bridge/br_stp_timer.o
  CC      mm/mmap.o
lib/.tmp_pci_iomap.o: no symbols
  CC      net/core/gen_stats.o
  CC      kernel/bpf/inode.o
  CC      lib/devres.o
  CC      block/anxiety-iosched.o
  CC      sound/core/seq/seq_fifo.o
  CC      fs/pnode.o
  CC      crypto/sha512_generic.o
  CC      net/core/gen_estimator.o
  CC      sound/core/seq/seq_prioq.o
  CC      block/mq-deadline.o
  CC      net/bridge/br_netlink.o
  CC      lib/hweight.o
  CC      net/ipv4/protocol.o
  CC      net/core/net_namespace.o
  CC      lib/assoc_array.o
  CC      fs/splice.o
  CC      kernel/bpf/helpers.o
  CC      sound/core/seq/seq_timer.o
  CC      block/kyber-iosched.o
  CC      mm/mprotect.o
  AR      drivers/base/power/opp/built-in.o
  CC      drivers/base/power/clock_ops.o
  CC      kernel/bpf/tnum.o
  CC      lib/bitrev.o
lib/.tmp_bitrev.o: no symbols
  CC      sound/core/seq/seq_system.o
  CC      lib/rational.o
  CC      net/core/secure_seq.o
  CC      net/bridge/br_netlink_tunnel.o
  CC      lib/crc-ccitt.o
  CC      kernel/bpf/hashtab.o
  CC      net/ipv4/ip_input.o
  CC      fs/sync.o
  CC      net/core/flow_dissector.o
  CC      mm/mremap.o
  CC      block/compat_ioctl.o
  CC      sound/core/seq/seq_ports.o
  CC      lib/crc16.o
  AR      drivers/base/power/built-in.o
  CC      drivers/base/regmap/regmap.o
  CC      net/bridge/br_sysfs_if.o
  HOSTCC  lib/gen_crc32table
  CC      mm/msync.o
  CC      sound/core/seq/seq_info.o
  CC      net/ipv4/ip_fragment.o
  CC      fs/utimes.o
  CC      kernel/bpf/arraymap.o
  CC      lib/libcrc32c.o
  CC      mm/page_vma_mapped.o
  CC      block/blk-mq-virtio.o
  CC      crypto/gf128mul.o
  CC      sound/core/seq/seq_dummy.o
  CC      mm/pagewalk.o
  CC      lib/crc8.o
  CC      drivers/base/regmap/regcache.o
  CC      mm/pgtable-generic.o
  CC      fs/stack.o
  CC      net/core/sysctl_net_core.o
  CC      net/bridge/br_sysfs_br.o
  CC      block/blk-wbt.o
  CC      kernel/bpf/percpu_freelist.o
  CC      sound/core/seq/seq_midi.o
  CC      kernel/bpf/bpf_lru_list.o
  CC      mm/rmap.o
  CC      lib/genalloc.o
  CC      fs/fs_struct.o
  CC      sound/core/seq/seq_midi_event.o
  CC      net/ipv4/ip_forward.o
  CC      drivers/base/regmap/regcache-rbtree.o
  AR      sound/core/seq/snd-seq.o
  AR      sound/core/seq/snd-seq-dummy.o
  AR      sound/core/seq/snd-seq-midi.o
  CC      kernel/bpf/lpm_trie.o
  CC      crypto/ecb.o
  CC      net/core/dev.o
  CC      crypto/cbc.o
  CC      block/keyslot-manager.o
  CC      net/bridge/br_nf_core.o
  CC      fs/statfs.o
  AR      sound/core/seq/snd-seq-midi-event.o
  CC      drivers/base/regmap/regcache-flat.o
  AR      sound/core/seq/built-in.o
  CC      sound/core/compress_offload.o
  CC      lib/crypto/blake2s.o
  CC      crypto/cts.o
  CC      mm/vmalloc.o
  CC      drivers/base/regmap/regmap-i2c.o
  CC      net/core/ethtool.o
  CC      net/ipv4/ip_options.o
  CC      lib/crypto/blake2s-generic.o
  CC      kernel/bpf/map_in_map.o
  CC      net/bridge/br_multicast.o
  CC      fs/fs_pin.o
  CC      block/bio-crypt-ctx.o
  CC      crypto/xts.o
  CC      kernel/bpf/btf.o
  AR      sound/core/snd.o
  AR      sound/core/snd-hwdep.o
  AR      sound/core/snd-timer.o
  AR      sound/core/snd-hrtimer.o
  CC      drivers/base/regmap/regmap-spi.o
  AR      sound/core/snd-pcm.o
  AR      sound/core/snd-seq-device.o
  AR      sound/core/snd-rawmidi.o
  AR      lib/crypto/libblake2s.o
  AR      sound/core/snd-compress.o
  CC      fs/nsfs.o
  AR      lib/crypto/built-in.o
  AR      sound/core/built-in.o
  CC      lib/fonts/fonts.o
  AR      sound/drivers/mpu401/built-in.o
  AR      sound/drivers/opl3/built-in.o
  AR      sound/drivers/opl4/built-in.o
  AR      sound/drivers/pcsp/built-in.o
  AR      sound/drivers/vx/built-in.o
  AR      sound/drivers/built-in.o
  CC      block/blk-crypto.o
  AR      sound/firewire/built-in.o
  CC      fs/buffer.o
  AR      sound/hda/built-in.o
  CC      lib/fonts/font_8x16.o
  CC      mm/process_vm_access.o
  CC      drivers/base/regmap/regmap-mmio.o
  AR      sound/i2c/other/built-in.o
  AR      sound/i2c/built-in.o
  CC      net/ipv4/ip_output.o
  CC      crypto/ctr.o
  AR      sound/isa/ad1816a/built-in.o
  AR      sound/isa/ad1848/built-in.o
  CC      kernel/bpf/devmap.o
  AR      sound/isa/cs423x/built-in.o
  CC      net/core/dev_addr_lists.o
  AR      sound/isa/es1688/built-in.o
  AR      sound/isa/galaxy/built-in.o
  AR      sound/isa/gus/built-in.o
  AR      sound/isa/msnd/built-in.o
  AR      lib/fonts/font.o
  AR      lib/fonts/built-in.o
  AR      sound/isa/opti9xx/built-in.o
  CC      lib/lz4/lz4_compress.o
  AR      sound/isa/sb/built-in.o
  CC      mm/vmpressure.o
  AR      sound/isa/wavefront/built-in.o
  AR      drivers/base/regmap/built-in.o
  CC      block/blk-crypto-fallback.o
  CC      net/bridge/br_mdb.o
  AR      sound/isa/wss/built-in.o
  AR      drivers/base/test/built-in.o
  AR      sound/isa/built-in.o
  CC      drivers/base/dma-mapping.o
  CC      crypto/gcm.o
  AR      sound/mips/built-in.o
  AR      sound/parisc/built-in.o
  AR      sound/pci/ac97/built-in.o
  CC      kernel/bpf/offload.o
  AR      sound/pci/ali5451/built-in.o
  AR      sound/pci/asihpi/built-in.o
  AR      sound/pci/au88x0/built-in.o
  CC      mm/init-mm.o
  CC      net/core/dst.o
  AR      sound/pci/aw2/built-in.o
  AR      sound/pci/ca0106/built-in.o
  CC      lib/lz4/lz4_decompress.o
  AR      sound/pci/cs46xx/built-in.o
  CC      net/core/netevent.o
  AR      block/built-in.o
  AR      sound/pci/cs5535audio/built-in.o
  CC      drivers/base/dma-coherent.o
  CC      net/core/neighbour.o
  CC      mm/nobootmem.o
  AR      sound/pci/ctxfi/built-in.o
  CC      crypto/ccm.o
  CC      fs/block_dev.o
  AR      sound/pci/echoaudio/built-in.o
  CC      net/ipv4/ip_sockglue.o
  AR      sound/pci/emu10k1/built-in.o
  AR      sound/pci/hda/built-in.o
  CC      net/bridge/br_netfilter_hooks.o
  AR      sound/pci/ice1712/built-in.o
  AR      sound/pci/korg1212/built-in.o
  AR      sound/pci/lola/built-in.o
  CC      kernel/bpf/stackmap.o
  AR      sound/pci/lx6464es/built-in.o
  AR      sound/pci/mixart/built-in.o
  AR      sound/pci/nm256/built-in.o
  AR      sound/pci/oxygen/built-in.o
  AR      sound/pci/pcxhr/built-in.o
  AR      sound/pci/riptide/built-in.o
  AR      lib/lz4/built-in.o
  AR      sound/pci/rme9652/built-in.o
  CC      lib/lzo/lzo1x_compress.o
  AR      sound/pci/trident/built-in.o
  AR      sound/pci/vx222/built-in.o
  CC      mm/fadvise.o
  CC      crypto/chacha20poly1305.o
  CC      drivers/base/firmware_class.o
  AR      sound/pci/ymfpci/built-in.o
  AR      sound/pci/built-in.o
  CC      kernel/cgroup/cgroup.o
  AR      sound/pcmcia/pdaudiocf/built-in.o
  CC      net/core/rtnetlink.o
  AR      sound/pcmcia/vx/built-in.o
  AR      sound/pcmcia/built-in.o
  AR      sound/ppc/built-in.o
  CC      kernel/bpf/cgroup.o
  AR      sound/sh/built-in.o
  CC      lib/lzo/lzo1x_decompress_safe.o
  CC      sound/soc/soc-core.o
  CC      fs/direct-io.o
  CC      net/bridge/br_netfilter_ipv6.o
  CC      mm/madvise.o
  CC      crypto/cryptd.o
  AR      lib/lzo/lzo_compress.o
  CC      net/ipv4/inet_hashtables.o
  AR      lib/lzo/lzo_decompress.o
  AR      lib/lzo/built-in.o
  CC      drivers/base/module.o
  CC      lib/mpi/generic_mpih-lshift.o
  CC      net/core/utils.o
  AR      kernel/bpf/built-in.o
  CC      mm/memblock.o
  CC      mm/page_io.o
  CC      drivers/base/soc.o
  AR      net/bridge/netfilter/built-in.o
  AR      net/bridge/bridge.o
  CC      lib/mpi/generic_mpih-mul1.o
  AR      net/bridge/br_netfilter.o
  AR      net/bridge/built-in.o
  CC      crypto/des_generic.o
  CC      fs/mpage.o
  CC      net/ipv6/af_inet6.o
  CC      lib/mpi/generic_mpih-mul2.o
  CC      sound/soc/soc-dapm.o
  CC      drivers/base/pinctrl.o
  CC      mm/swap_state.o
  CC      net/ipv4/inet_timewait_sock.o
  CC      net/l2tp/l2tp_core.o
  CC      net/key/af_key.o
  CC      net/core/link_watch.o
  CC      crypto/blowfish_generic.o
  CC      lib/mpi/generic_mpih-mul3.o
  CC      drivers/base/arch_topology.o
  CC      kernel/cgroup/namespace.o
  CC      fs/proc_namespace.o
  CC      lib/mpi/generic_mpih-rshift.o
  CC      mm/swapfile.o
  CC      crypto/blowfish_common.o
  AR      drivers/base/built-in.o
  CC      kernel/cgroup/cgroup-v1.o
  CC      drivers/char/mem.o
  CC      net/ipv6/anycast.o
  CC      lib/mpi/generic_mpih-sub1.o
  CC      fs/configfs/inode.o
  CC      net/ipv4/inet_connection_sock.o
  CC      sound/soc/soc-jack.o
  CC      net/core/filter.o
  CC      crypto/twofish_generic.o
  AR      net/key/built-in.o
  CC      lib/mpi/generic_mpih-add1.o
  CC      net/llc/llc_core.o
  CC      drivers/char/random.o
  CC      net/l2tp/l2tp_ppp.o
  CC      kernel/cgroup/freezer.o
  CC      fs/configfs/file.o
  CC      net/ipv6/ip6_output.o
  CC      crypto/twofish_common.o
  CC      lib/mpi/mpicoder.o
  CC      sound/soc/soc-cache.o
  CC      kernel/cgroup/legacy_freezer.o
  CC      fs/configfs/dir.o
  CC      mm/dmapool.o
  CC      net/llc/llc_input.o
  CC      kernel/cgroup/cpuset.o
  AR      net/l2tp/built-in.o
  CC      sound/soc/soc-utils.o
  CC      mm/sparse.o
  CC      crypto/aes_generic.o
  CC      drivers/char/misc.o
  CC      net/ipv4/tcp.o
  CC      lib/mpi/mpi-bit.o
  CC      fs/configfs/symlink.o
  AR      drivers/char/agp/built-in.o
  CC      net/ipv6/ip6_input.o
  CC      drivers/char/hw_random/core.o
  CC      net/core/sock_diag.o
  CC      fs/configfs/mount.o
  CC      mm/sparse-vmemmap.o
  CC      sound/soc/soc-pcm.o
  CC      net/llc/llc_output.o
  CC      lib/mpi/mpi-cmp.o
  CC      crypto/arc4.o
  CC      net/ipv6/addrconf.o
  AR      kernel/cgroup/built-in.o
  CC      kernel/events/core.o
  CC      fs/configfs/item.o
  CC      mm/slub.o
  CC      drivers/char/hw_random/mt67xx-rng.o
  CC      crypto/chacha_generic.o
  CC      lib/mpi/mpih-cmp.o
  AR      net/llc/llc.o
  AR      net/llc/built-in.o
  AR      fs/configfs/configfs.o
  AR      fs/configfs/built-in.o
  CC      net/core/dev_ioctl.o
  AR      drivers/char/hw_random/rng-core.o
  AR      drivers/char/hw_random/built-in.o
  CC      fs/crypto/crypto.o
../drivers/misc/mediatek/gud/Makefile.include:2: "CONFIG_MTK_PLATFORM: "mt6785""
../drivers/misc/mediatek/gud/Makefile.include:3: "CONFIG_TRUSTONIC_TEE_VERSION: "500""
  CC      drivers/char/rpmb/rpmb-mtk.o
  CC      net/netfilter/core.o
  CC      lib/mpi/mpih-div.o
  CC      net/ipv6/addrlabel.o
  CC      net/ipv4/tcp_input.o
  CC      sound/soc/soc-io.o
  CC      crypto/poly1305_generic.o
  CC      fs/crypto/fname.o
  CC      net/core/tso.o
  CC      net/ipv6/route.o
  CC      mm/migrate.o
  CC      sound/soc/soc-devres.o
  CC      lib/mpi/mpih-mul.o
  CC      drivers/char/rpmb/core.o
  CC      crypto/deflate.o
  CC      net/netfilter/nf_log.o
  CC      fs/crypto/hkdf.o
  CC      net/ipv6/ip6_fib.o
  CC      lib/mpi/mpi-pow.o
  AR      drivers/char/rpmb/rpmb.o
  CC      crypto/crc32c_generic.o
  AR      drivers/char/rpmb/built-in.o
  AR      drivers/char/built-in.o
  CC      sound/soc/soc-ops.o
  AR      drivers/char/ipmi/built-in.o
  CC      drivers/clk/clk-devres.o
  CC      fs/crypto/hooks.o
  CC      mm/page_counter.o
  CC      net/core/sock_reuseport.o
  CC      kernel/events/ring_buffer.o
  CC      net/netfilter/nf_queue.o
  CC      crypto/crc32_generic.o
  CC      lib/mpi/mpiutil.o
  CC      mm/memcontrol.o
  CC      drivers/clk/clk-bulk.o
  CC      sound/soc/soc-compress.o
  CC      fs/crypto/keyring.o
  CC      net/ipv4/tcp_output.o
  CC      crypto/authenc.o
  CC      net/ipv6/ipv6_sockglue.o
  AR      lib/mpi/mpi.o
  CC      drivers/clk/clkdev.o
  CC      net/ipv6/ndisc.o
  AR      lib/mpi/built-in.o
  CC      lib/reed_solomon/reed_solomon.o
  CC      net/core/fib_notifier.o
  CC      kernel/events/callchain.o
  CC      net/netfilter/nf_sockopt.o
  AR      sound/soc/adi/built-in.o
  CC      fs/crypto/keysetup.o
  AR      sound/soc/amd/built-in.o
  AR      sound/soc/atmel/built-in.o
  AR      sound/soc/au1x/built-in.o
  CC      drivers/clk/clk.o
  AR      sound/soc/bcm/built-in.o
  CC      kernel/events/hw_breakpoint.o
  AR      sound/soc/blackfin/built-in.o
  CC      crypto/authencesn.o
  AR      lib/reed_solomon/built-in.o
  AR      sound/soc/cirrus/built-in.o
  CC      lib/zlib_deflate/deflate.o
  CC      sound/soc/codecs/mt6359.o
  CC      net/core/net-sysfs.o
  CC      fs/crypto/keysetup_v1.o
  CC      net/ipv6/udp.o
  CC      lib/zlib_deflate/deftree.o
  CC      drivers/clk/clk-divider.o
  CC      crypto/lzo.o
  CC      net/netfilter/nfnetlink.o
  AR      kernel/events/built-in.o
  CC      mm/swap_cgroup.o
  CC      kernel/irq/irqdesc.o
  CC      net/ipv4/tcp_timer.o
  CC      net/netlink/af_netlink.o
  CC      lib/zlib_deflate/deflate_syms.o
  CC      fs/crypto/policy.o
  CC      crypto/lz4.o
  CC      sound/soc/codecs/audio/aw882xx/awinic_monitor.o
  CC      mm/page_isolation.o
  CC      drivers/clk/clk-fixed-factor.o
  AR      lib/zlib_deflate/zlib_deflate.o
  AR      lib/zlib_deflate/built-in.o
  CC      crypto/rng.o
  CC      kernel/irq/handle.o
  CC      lib/zlib_inflate/inffast.o
  CC      net/core/net-procfs.o
  CC      lib/zlib_inflate/inflate.o
  CC      net/netfilter/nfnetlink_queue.o
  CC      mm/zsmalloc.o
  CC      fs/crypto/bio.o
  CC      drivers/clk/clk-fixed-rate.o
  CC      sound/soc/codecs/audio/aw882xx/awinic_dsp.o
  CC      net/ipv6/udplite.o
  CC      net/ipv4/tcp_ipv4.o
  CC      kernel/irq/manage.o
  CC      lib/zlib_inflate/infutil.o
  CC      net/core/fib_rules.o
  CC      crypto/drbg.o
  CC      lib/zlib_inflate/inftrees.o
  CC      drivers/clk/clk-gate.o
  CC      lib/zlib_inflate/inflate_syms.o
  CC      sound/soc/codecs/audio/aw882xx/awinic_cali.o
  CC      fs/crypto/inline_crypt.o
  CC      net/netlink/genetlink.o
  CC      net/ipv6/raw.o
  CC      net/netfilter/nfnetlink_log.o
  CC      mm/early_ioremap.o
  CC      kernel/irq/spurious.o
  AR      lib/zlib_inflate/zlib_inflate.o
  AR      lib/zlib_inflate/built-in.o
  CC      drivers/clk/clk-multiplier.o
  CC      lib/textsearch.o
  CC      crypto/jitterentropy.o
  CC      crypto/jitterentropy-kcapi.o
  CC      sound/soc/codecs/audio/aw882xx/aw882xx.o
  CC      mm/cma.o
  AR      fs/crypto/fscrypto.o
  CC      kernel/irq/resend.o
  AR      fs/crypto/built-in.o
  CC      lib/ts_kmp.o
  CC      fs/devpts/inode.o
  CC      net/core/dst_cache.o
  CC      drivers/clk/clk-mux.o
  CC      crypto/ghash-generic.o
  AR      net/netlink/built-in.o
  CC      net/packet/af_packet.o
  CC      net/ipv4/tcp_minisocks.o
  CC      lib/ts_bm.o
  CC      mm/userfaultfd.o
  CC      kernel/irq/chip.o
  CC      drivers/clk/clk-composite.o
  AR      fs/devpts/devpts.o
  AR      fs/devpts/built-in.o
  CC      net/netfilter/nf_conntrack_core.o
  CC      net/ipv6/icmp.o
  CC      fs/erofs/super.o
  CC      lib/ts_fsm.o
  CC      crypto/asymmetric_keys/asymmetric_type.o
  AR      sound/soc/codecs/audio/aw882xx/snd-soc-aw88263.o
  AR      sound/soc/codecs/audio/aw882xx/built-in.o
  CC      sound/soc/codecs/audio/driver/audio_extend_drv.o
  CC      drivers/clk/clk-fractional-divider.o
  CC      mm/frame_vector.o
  CC      net/core/gro_cells.o
  CC      lib/percpu_counter.o
  CC      kernel/irq/dummychip.o
  CC      crypto/asymmetric_keys/restrict.o
  CC      fs/erofs/inode.o
  CC      drivers/clk/clk-gpio.o
  AR      sound/soc/codecs/audio/driver/snd-audio-extend.o
  CC      mm/usercopy.o
  AR      sound/soc/codecs/audio/driver/built-in.o
  CC      net/ipv4/tcp_cong.o
  AR      sound/soc/codecs/audio/built-in.o
  AR      sound/soc/codecs/snd-soc-mt6359.o
  CC      crypto/asymmetric_keys/signature.o
  AR      sound/soc/codecs/built-in.o
  CC      lib/swiotlb.o
  AR      sound/soc/davinci/built-in.o
  CC      kernel/irq/devres.o
  AR      sound/soc/dwc/built-in.o
  AR      sound/soc/fsl/built-in.o
  AR      net/core/built-in.o
  CC      fs/erofs/data.o
  AR      sound/soc/generic/built-in.o
  AR      sound/soc/hisilicon/built-in.o
  CC      net/rfkill/core.o
  AR      sound/soc/img/built-in.o
  AR      sound/soc/intel/boards/built-in.o
  CC      net/ipv6/mcast.o
  AR      sound/soc/intel/built-in.o
  AR      sound/soc/jz4740/built-in.o
  AR      sound/soc/kirkwood/built-in.o
  CC      crypto/asymmetric_keys/public_key.o
  CC      mm/async_shrink_slabd.o
  CC      drivers/clk/clk-conf.o
  CC      kernel/irq/autoprobe.o
  CC      sound/soc/mediatek/audio_dsp/mt6785/dsp-platform-mem-control.o
  AR      net/packet/built-in.o
  CC      drivers/clk/clk-xgene.o
  CC      fs/erofs/namei.o
  CC      net/netfilter/nf_conntrack_standalone.o
  CC      lib/iommu-helper.o
  AR      net/rfkill/rfkill.o
  AR      net/rfkill/built-in.o
  CC      lib/iommu-common.o
  CC      net/sched/sch_generic.o
  CC      net/ipv4/tcp_metrics.o
  AR      drivers/clk/bcm/built-in.o
  AR      mm/built-in.o
  ASN.1   crypto/asymmetric_keys/x509-asn1.c
  ASN.1   crypto/asymmetric_keys/x509_akid-asn1.c
  CC      crypto/asymmetric_keys/x509_public_key.o
  AR      sound/soc/mediatek/audio_dsp/mt6785/built-in.o
  AR      drivers/clk/imgtec/built-in.o
  CC      sound/soc/mediatek/audio_dsp/audio_buf.o
  CC      crypto/hash_info.o
  CC      drivers/clk/mediatek/clk-fixup-div.o
  CC      kernel/irq/irqdomain.o
  AR      sound/sparc/built-in.o
  CC      fs/erofs/dir.o
  ASN.1   crypto/asymmetric_keys/pkcs7-asn1.c
  CC      crypto/asymmetric_keys/pkcs7_trust.o
  CC      crypto/simd.o
  CC      drivers/clk/mediatek/clk-mtk.o
  CC      crypto/asymmetric_keys/pkcs7_verify.o
  AR      crypto/asymmetric_keys/asymmetric_keys.o
  CC      lib/syscall.o
  CC      crypto/asymmetric_keys/x509-asn1.o
  CC      crypto/asymmetric_keys/x509_akid-asn1.o
  CC      fs/erofs/utils.o
  CC      crypto/asymmetric_keys/x509_cert_parser.o
  CC      sound/soc/mediatek/audio_dsp/mtk-dsp-dai.o
  CC      net/netfilter/nf_conntrack_expect.o
  CC      drivers/clk/mediatek/clk-pll.o
  AR      crypto/crypto.o
  AR      crypto/crypto_algapi.o
  CC      lib/nlattr.o
  CC      kernel/irq/proc.o
  CC      net/ipv6/reassembly.o
  CC      crypto/asymmetric_keys/pkcs7-asn1.o
  AR      crypto/crypto_blkcipher.o
  CC      net/ipv4/tcp_fastopen.o
  CC      fs/erofs/pcpubuf.o
  CC      drivers/clk/mediatek/clk-gate.o
  CC      crypto/asymmetric_keys/pkcs7_parser.o
  CC      net/sched/sch_mq.o
  CC      sound/soc/mediatek/audio_dsp/mtk-dsp-pcm.o
  CC      fs/erofs/xattr.o
  CC      drivers/clk/mediatek/clk-apmixed.o
  CC      drivers/clk/mediatek/clk-cpumux.o
  AR      crypto/asymmetric_keys/x509_key_parser.o
  AR      crypto/asymmetric_keys/pkcs7_message.o
  CC      kernel/irq/cpuhotplug.o
  AR      crypto/asymmetric_keys/built-in.o
  AR      crypto/crypto_hash.o
  CC      crypto/rsapubkey-asn1.o
  CC      fs/erofs/decompressor.o
  CC      crypto/rsaprivkey-asn1.o
  AR      crypto/crypto_acompress.o
  CC      drivers/clk/mediatek/clk-mux.o
  AR      crypto/cryptomgr.o
  AR      crypto/jitterentropy_rng.o
  AR      crypto/crypto_simd.o
  CC      sound/soc/mediatek/audio_dsp/mtk-dsp-common.o
  AR      crypto/rsa_generic.o
  CC      net/sched/sch_api.o
  CC      lib/checksum.o
  AR      crypto/built-in.o
  CC      sound/soc/mediatek/audio_dsp/mtk-dsp-platform-driver.o
  CC      net/ipv4/tcp_rate.o
  CC      fs/erofs/zmap.o
  CC      net/ipv6/tcp_ipv6.o
  CC      kernel/irq/pm.o
../drivers/clk/mediatek/clk-mux.c:186:14: warning: unused variable 'name' [-Wunused-variable]
  186 |         const char *name;
      |                     ^~~~
1 warning generated.
  CC      net/netfilter/nf_conntrack_helper.o
  CC      drivers/clk/mediatek/clkchk.o
  CC      fs/erofs/zdata.o
  CC      net/ipv4/tcp_recovery.o
  CC      lib/cpu_rmap.o
  CC      sound/soc/mediatek/audio_dsp/mtk-dsp-mem-control.o
../drivers/clk/mediatek/clkchk.c:160:14: warning: mixing declarations and code is a C99 extension [-Wdeclaration-after-statement]
  160 |         const char *clk_name = __clk_get_name(hw->clk);
      |                     ^
../drivers/clk/mediatek/clkchk.c:239:18: warning: mixing declarations and code is a C99 extension [-Wdeclaration-after-statement]
  239 |                 struct clk_hw *p_hw;
      |                                ^
2 warnings generated.
  CC      drivers/clk/mediatek/clk-mt6785.o
  CC      net/netfilter/nf_conntrack_proto.o
  CC      kernel/irq/affinity.o
  CC      drivers/clocksource/timer-of.o
  CC      lib/dynamic_queue_limits.o
  AR      sound/soc/mediatek/audio_dsp/built-in.o
  CC      drivers/clk/mediatek/clk-mt6785-pg.o
  CC      net/ipv4/tcp_ulp.o
  CC      sound/soc/mediatek/aw87339/aw87339_audio.o
  AR      fs/erofs/erofs.o
  CC      lib/glob.o
  AR      fs/erofs/built-in.o
  CC      drivers/clocksource/timer-probe.o
  CC      net/ipv6/ping.o
  AR      kernel/irq/built-in.o
  CC      net/sched/sch_blackhole.o
  CC      fs/exfat/inode.o
  AR      kernel/livepatch/built-in.o
  CC      kernel/locking/mutex.o
  CC      net/netfilter/nf_conntrack_l3proto_generic.o
  CC      net/sched/cls_api.o
  CC      drivers/clocksource/mmio.o
  CC      lib/strncpy_from_user.o
  AR      sound/soc/mediatek/aw87339/built-in.o
  CC      sound/soc/mediatek/aw87359/aw87359_audio.o
  CC      drivers/clk/mediatek/clk-mtk-v1.o
  CC      fs/exfat/namei.o
  CC      net/netfilter/nf_conntrack_proto_generic.o
  CC      kernel/locking/semaphore.o
  CC      net/sched/act_api.o
  CC      drivers/clocksource/mtk_apxgpt.o
  CC      drivers/clk/mediatek/clkchk-mt6785.o
  CC      net/ipv4/tcp_offload.o
  CC      net/ipv6/exthdrs.o
  CC      lib/strnlen_user.o
  AR      sound/soc/mediatek/aw87359/built-in.o
  CC      drivers/clocksource/mtk_systimer.o
  CC      kernel/locking/rwsem.o
  CC      fs/exfat/dir.o
  CC      net/sched/sch_fifo.o
  CC      sound/soc/mediatek/common/mtk-mmap-ion.o
  AR      drivers/clk/mediatek/built-in.o
  AR      drivers/clk/mvebu/built-in.o
  AR      drivers/clk/renesas/built-in.o
  CC      net/netfilter/nf_conntrack_proto_tcp.o
  AR      drivers/clk/ti/built-in.o
  CC      net/sched/sch_htb.o
  AR      drivers/clk/built-in.o
  CC      lib/net_utils.o
  CC      drivers/cpufreq/cpufreq.o
  CC      kernel/locking/percpu-rwsem.o
  CC      drivers/clocksource/arm_arch_timer.o
  CC      sound/soc/mediatek/common/mtk-afe-platform-driver.o
  CC      net/sched/sch_ingress.o
  CC      fs/exfat/super.o
  CC      kernel/locking/spinlock.o
  CC      net/ipv4/datagram.o
  CC      net/sched/cls_u32.o
  CC      lib/sg_pool.o
  CC      net/ipv6/datagram.o
  CC      sound/soc/mediatek/common/mtk-afe-fe-dai.o
  CC      kernel/locking/osq_lock.o
  CC      net/sched/cls_bpf.o
  CC      drivers/clocksource/dummy_timer.o
  CC      sound/soc/mediatek/common/mtk-sram-manager.o
  CC      fs/exfat/fatent.o
  CC      kernel/locking/rtmutex.o
  CC      drivers/cpufreq/freq_table.o
  CC      net/netfilter/nf_conntrack_proto_udp.o
  CC      lib/asn1_decoder.o
  AR      drivers/clocksource/built-in.o
  CC      drivers/cpuidle/cpuidle.o
  CC      net/ipv4/raw.o
  AR      sound/spi/built-in.o
  AR      sound/synth/emux/built-in.o
  AR      sound/synth/built-in.o
  CC      fs/exfat/cache.o
  CC      sound/usb/card.o
  CC      drivers/cpufreq/cpufreq_stats.o
  CC      sound/soc/mediatek/common/mtk-sp-pcm-ops.o
  CC      kernel/locking/rwsem-xadd.o
  CC      net/sched/ematch.o
  GEN     lib/oid_registry_data.c
  CC      lib/sbitmap.o
  CC      sound/soc/mediatek/common/mtk-afe-debug.o
  CC      net/ipv6/ip6_flowlabel.o
  CC      drivers/cpufreq/cpufreq_times.o
  AR      kernel/locking/built-in.o
  CC      sound/soc/mediatek/common/mtk-sp-spk-amp.o
  CC      drivers/cpuidle/driver.o
  CC      fs/exfat/nls.o
  CC      net/netfilter/nf_conntrack_extend.o
  CC      kernel/power/qos.o
  CC      sound/usb/clock.o
  CC      sound/soc/mediatek/common/mtk-usip.o
  CC      lib/argv_split.o
  CC      net/sched/em_u32.o
  CC      drivers/cpufreq/cpufreq_mtk.o
  CC      sound/usb/endpoint.o
  CC      lib/bug.o
  CC      fs/exfat/misc.o
  CC      drivers/cpuidle/governor.o
  CC      net/ipv4/udp.o
  CC      sound/soc/mediatek/common/mtk-btcvsd.o
  AR      fs/exofs/built-in.o
  CC      drivers/cpuidle/sysfs.o
  CC      kernel/power/main.o
  CC      fs/exportfs/expfs.o
  CC      net/ipv6/inet6_connection_sock.o
  CC      lib/chacha.o
  CC      drivers/cpufreq/cpufreq_performance.o
  CC      net/netfilter/nf_conntrack_acct.o
  AR      net/sched/built-in.o
  CC      fs/exfat/file.o
  CC      net/unix/af_unix.o
  CC      drivers/cpufreq/cpufreq_powersave.o
  CC      sound/usb/format.o
  CC      drivers/cpuidle/governors/menu.o
  CC      lib/clz_tab.o
  AR      fs/exportfs/exportfs.o
  CC      lib/cmdline.o
  AR      fs/exportfs/built-in.o
  AR      sound/soc/mediatek/common/snd-soc-mtk-common.o
  AR      sound/soc/mediatek/common/snd-soc-mtk-sp-common.o
  CC      drivers/cpufreq/cpufreq_userspace.o
  AR      sound/soc/mediatek/common/built-in.o
  CC      fs/ext4/balloc.o
  CC      lib/cpumask.o
  CC      kernel/power/process.o
  CC      sound/soc/mediatek/common_int/mtk-auddrv-devtree-parser.o
  CC      fs/exfat/balloc.o
  CC      drivers/cpuidle/governors/mtk_menu.o
  CC      drivers/cpufreq/cpufreq_ondemand.o
  CC      sound/usb/helper.o
  CC      lib/ctype.o
  CC      net/ipv6/udp_offload.o
  CC      lib/dec_and_lock.o
  CC      sound/soc/mediatek/common_int/mtk-soc-offload-common.o
  CC      kernel/power/suspend.o
  AR      fs/exfat/exfat.o
  CC      sound/usb/mixer.o
  CC      net/netfilter/nf_conntrack_seqadj.o
  AR      fs/exfat/built-in.o
  CC      lib/decompress.o
  CC      lib/decompress_inflate.o
  AR      drivers/cpuidle/governors/built-in.o
  CC      drivers/cpuidle/cpuidle-mtk_acao.o
  CC      lib/decompress_unlz4.o
  CC      fs/ext4/bitmap.o
  CC      drivers/cpufreq/cpufreq_governor.o
  CC      net/unix/garbage.o
  AR      drivers/cpuidle/built-in.o
  CC      lib/dump_stack.o
  AR      sound/soc/mediatek/common_int/built-in.o
  AR      drivers/crypto/built-in.o
  CC      lib/earlycpio.o
  CC      drivers/dax/super.o
  CC      sound/soc/mediatek/mt6785/mt6785-afe-pcm.o
  CC      net/ipv6/seg6.o
  CC      lib/extable.o
  CC      net/ipv4/udplite.o
  CC      fs/ext4/block_validity.o
  AR      sound/soc/mxs/built-in.o
  CC      net/ipv6/fib6_notifier.o
  CC      sound/usb/mixer_quirks.o
  CC      kernel/power/powersuspend.o
  CC      drivers/cpufreq/cpufreq_governor_attr_set.o
  CC      lib/fdt.o
  CC      lib/fdt_empty_tree.o
  CC      net/unix/sysctl_net_unix.o
  CC      lib/fdt_ro.o
  CC      net/netfilter/nf_conntrack_ecache.o
  CC      sound/soc/mediatek/mt6785/mt6785-afe-clk.o
  CC      kernel/power/wakelock.o
  AR      drivers/dax/dax.o
  CC      fs/ext4/dir.o
  AR      drivers/dax/built-in.o
  AR      drivers/cpufreq/built-in.o
  CC      net/ipv6/sysctl_net_ipv6.o
  CC      lib/fdt_rw.o
  CC      drivers/devfreq/devfreq.o
  CC      sound/usb/mixer_scarlett.o
  CC      drivers/dma/dmaengine.o
  CC      net/ipv6/xfrm6_policy.o
  CC      lib/fdt_strerror.o
  CC      net/ipv4/udp_offload.o
  CC      lib/fdt_sw.o
  CC      sound/soc/mediatek/mt6785/mt6785-afe-gpio.o
  CC      kernel/power/poweroff.o
  CC      lib/fdt_wip.o
  CC      net/unix/scm.o
  CC      sound/usb/mixer_us16x08.o
  CC      lib/flex_proportions.o
  CC      kernel/power/wakeup_reason.o
  CC      drivers/devfreq/governor_simpleondemand.o
  CC      fs/ext4/ext4_jbd2.o
  CC      net/ipv6/xfrm6_state.o
  CC      lib/idr.o
  CC      sound/soc/mediatek/mt6785/mt6785-dai-adda.o
  CC      net/ipv6/xfrm6_input.o
  CC      net/netfilter/nf_conntrack_proto_dccp.o
  CC      drivers/dma/virt-dma.o
  CC      drivers/devfreq/helio-dvfsrc-v3/helio-dvfsrc-qos.o
  CC      sound/usb/pcm.o
  CC      lib/int_sqrt.o
  CC      fs/ext4/extents.o
  CC      net/ipv4/arp.o
  CC      lib/ioremap.o
  AR      kernel/power/built-in.o
  AR      net/unix/unix.o
  CC      kernel/printk/printk.o
  CC      sound/soc/mediatek/mt6785/mt6785-afe-control.o
  AR      net/unix/built-in.o
  CC      drivers/devfreq/helio-dvfsrc-v3/helio-dvfsrc-sysfs.o
  CC      sound/usb/proc.o
  CC      net/wireless/core.o
  CC      drivers/dma/of-dma.o
  CC      lib/irq_regs.o
  CC      drivers/devfreq/helio-dvfsrc-v3/helio-dvfsrc-opp.o
  CC      sound/usb/quirks.o
  CC      sound/usb/stream.o
  CC      lib/is_single_threaded.o
  CC      net/ipv6/xfrm6_output.o
  CC      sound/soc/mediatek/mt6785/mt6785-dai-i2s.o
  CC      net/netfilter/nf_conntrack_proto_sctp.o
  CC      drivers/devfreq/helio-dvfsrc-v3/helio-dvfsrc-opp-mt6785.o
  CC      drivers/dma/8250_mtk_dma.o
  CC      lib/klist.o
  CC      drivers/devfreq/helio-dvfsrc-v3/helio-dvfsrc-mt6785.o
  CC      sound/usb/midi.o
  CC      drivers/devfreq/helio-dvfsrc-v3/helio-dvfsrc-ip-v2.o
  CC      net/ipv4/icmp.o
  CC      kernel/printk/printk_safe.o
  CC      net/wireless/sysfs.o
  CC      lib/kobject.o
  CC      sound/soc/mediatek/mt6785/mt6785-dai-hw-gain.o
  CC      fs/ext4/extents_status.o
  AR      kernel/printk/built-in.o
  CC      kernel/rcu/update.o
  AR      drivers/dma/mediatek/built-in.o
  AR      drivers/dma/qcom/built-in.o
  CC      net/ipv6/xfrm6_protocol.o
  AR      drivers/dma/xilinx/built-in.o
  AR      drivers/dma/built-in.o
  CC      sound/soc/mediatek/scp_vow/mt6785/mtk-scp-vow-platform.o
  CC      drivers/dma-buf/dma-buf.o
  CC      lib/kobject_uevent.o
  AR      drivers/devfreq/helio-dvfsrc-v3/built-in.o
  CC      sound/soc/mediatek/mt6785/mt6785-dai-src.o
  AR      drivers/devfreq/built-in.o
  CC      net/netfilter/nf_conntrack_proto_gre.o
  CC      drivers/extcon/extcon.o
  CC      net/wireless/radiotap.o
  CC      fs/ext4/file.o
  CC      kernel/rcu/sync.o
  AR      sound/usb/6fire/built-in.o
  AR      sound/usb/bcd2000/built-in.o
  AR      sound/usb/caiaq/built-in.o
  AR      sound/soc/mediatek/scp_vow/mt6785/built-in.o
  CC      sound/soc/mediatek/scp_vow/mtk-scp-vow-common.o
  AR      sound/usb/hiface/built-in.o
  AR      sound/usb/misc/built-in.o
  CC      sound/soc/mediatek/mt6785/mt6785-dai-pcm.o
  CC      kernel/rcu/srcutree.o
  AR      sound/usb/usx2y/built-in.o
  AR      sound/usb/snd-usb-audio.o
  CC      net/ipv4/devinet.o
  AR      sound/usb/snd-usbmidi-lib.o
  AR      sound/usb/built-in.o
  AR      sound/x86/built-in.o
  CC      drivers/dma-buf/dma-fence.o
  CC      net/netfilter/nf_conntrack_amanda.o
  CC      drivers/extcon/devres.o
  CC      fs/ext4/fsmap.o
  CC      net/ipv6/netfilter.o
  CC      net/wireless/util.o
  CC      lib/nmi_backtrace.o
  CC      sound/soc/mediatek/mt6785/mt6785-dai-tdm.o
  AR      sound/soc/mediatek/scp_vow/built-in.o
  AR      drivers/firewire/built-in.o
  CC      net/netfilter/nf_conntrack_ftp.o
  CC      drivers/firmware/psci.o
  CC      kernel/rcu/tree.o
  CC      drivers/dma-buf/dma-fence-array.o
  CC      drivers/extcon/mediatek/extcon_usb.o
lib/.tmp_nmi_backtrace.o: no symbols
  CC      lib/nodemask.o
  CC      fs/ext4/fsync.o
  CC      sound/soc/mediatek/mt6785/mt6785-dai-hostless.o
  CC      drivers/dma-buf/reservation.o
  CC      net/netfilter/nf_conntrack_h323_main.o
  AR      drivers/firmware/broadcom/built-in.o
  AR      drivers/firmware/meson/built-in.o
  CC      lib/plist.o
  AR      drivers/firmware/tegra/built-in.o
  AR      drivers/firmware/built-in.o
  CC      drivers/extcon/mediatek/boost_manager.o
  CC      drivers/gpio/devres.o
  CC      lib/radix-tree.o
  CC      sound/soc/mediatek/mt6785/mt6785-misc-control.o
  CC      net/ipv4/af_inet.o
  CC      drivers/dma-buf/seqno-fence.o
  CC      net/ipv6/fib6_rules.o
  CC      fs/ext4/hash.o
  CC      sound/last.o
  CC      drivers/extcon/mediatek/usb-tcpc.o
  CC      net/wireless/reg.o
  CC      drivers/gpio/gpiolib.o
  CC      drivers/gpio/gpiolib-legacy.o
  CC      sound/soc/mediatek/mt6785/mt6785-mt6359.o
  CC      drivers/dma-buf/sync_file.o
  CC      fs/ext4/ialloc.o
  CC      lib/ratelimit.o
  CC      drivers/extcon/mediatek/usb_dual_role.o
  CC      kernel/rcu/rcu_segcblist.o
  CC      net/netfilter/nf_conntrack_h323_asn1.o
  CC      drivers/gpio/gpiolib-devprop.o
  AR      drivers/extcon/mediatek/built-in.o
  AR      drivers/extcon/extcon-core.o
  CC      lib/rbtree.o
  CC      net/ipv6/proc.o
  AR      kernel/rcu/built-in.o
  AR      sound/soc/mediatek/mt6785/snd-soc-mt6785-afe.o
  AR      drivers/extcon/built-in.o
  AR      sound/soc/mediatek/mt6785/built-in.o
  AR      sound/soc/mediatek/built-in.o
  CC      kernel/sched/core.o
  AR      drivers/dma-buf/built-in.o
  AR      sound/soc/nuc900/built-in.o
  CC      net/netfilter/nf_conntrack_irc.o
  CC      drivers/hid/hid-core.o
  AR      drivers/gpu/drm/bridge/synopsys/built-in.o
  AR      sound/soc/omap/built-in.o
  AR      drivers/gpu/drm/bridge/built-in.o
  AR      sound/soc/pxa/built-in.o
  AR      drivers/gpu/drm/hisilicon/built-in.o
  AR      sound/soc/qcom/built-in.o
  AR      sound/soc/rockchip/built-in.o
  CC      lib/seq_buf.o
  AR      drivers/gpu/drm/i2c/built-in.o
  AR      sound/soc/samsung/built-in.o
  CC      net/ipv4/igmp.o
  AR      sound/soc/sh/built-in.o
  AR      drivers/gpu/drm/omapdrm/displays/built-in.o
  AR      sound/soc/sirf/built-in.o
  AR      drivers/gpu/drm/panel/built-in.o
  AR      drivers/gpu/drm/omapdrm/dss/built-in.o
  AR      drivers/gpu/drm/omapdrm/built-in.o
  CC      net/wireless/scan.o
  AR      sound/soc/spear/built-in.o
  AR      drivers/gpu/drm/tilcdc/built-in.o
  AR      drivers/gpu/drm/built-in.o
  CC      fs/ext4/indirect.o
  AR      sound/soc/sti/built-in.o
  CC      drivers/gpio/gpiolib-of.o
  AR      drivers/gpu/vga/built-in.o
  AR      drivers/gpu/built-in.o
  AR      sound/soc/stm/built-in.o
  AR      sound/soc/sunxi/built-in.o
  AR      sound/soc/tegra/built-in.o
  CC      fs/f2fs/dir.o
  AR      sound/soc/txx9/built-in.o
  AR      sound/soc/ux500/built-in.o
  CC      lib/sha1.o
  AR      sound/soc/xtensa/built-in.o
  AR      sound/soc/zte/built-in.o
  AR      sound/soc/snd-soc-core.o
  CC      lib/show_mem.o
  CC      net/ipv6/syncookies.o
  AR      sound/soc/built-in.o
  AR      sound/soundcore.o
../kernel/sched/core.c:4523:6: warning: unused variable 'i' [-Wunused-variable]
 4523 |         int i = 0;
      |             ^
  AR      sound/built-in.o
  CC      net/ipv6/esp6.o
  AR      drivers/gpio/built-in.o
  AR      drivers/hwtracing/intel_th/built-in.o
  CC      lib/siphash.o
  CC      drivers/i2c/i2c-boardinfo.o
  CC      drivers/hid/hid-input.o
  CC      fs/ext4/inline.o
  CC      net/netfilter/nf_conntrack_broadcast.o
  CC      fs/f2fs/file.o
  CC      net/wireless/nl80211.o
  CC      lib/string.o
  CC      drivers/i2c/i2c-core-base.o
  CC      net/ipv6/ipcomp6.o
  CC      net/ipv4/fib_frontend.o
  CC      drivers/hid/hidraw.o
  CC      fs/ext4/inode.o
1 warning generated.
  CC      net/ipv6/xfrm6_tunnel.o
  CC      lib/timerqueue.o
  CC      net/netfilter/nf_conntrack_netbios_ns.o
  CC      kernel/sched/loadavg.o
  CC      lib/vsprintf.o
  CC      drivers/i2c/i2c-core-smbus.o
  CC      drivers/hid/uhid.o
  CC      net/ipv6/tunnel6.o
  CC      net/netfilter/nf_conntrack_pptp.o
  CC      net/wireless/mlme.o
  CC      drivers/i2c/i2c-core-of.o
  CC      kernel/sched/clock.o
  CC      drivers/hid/hid-generic.o
  CC      net/ipv6/xfrm6_mode_transport.o
  CC      net/ipv4/fib_semantics.o
  CC      fs/f2fs/inode.o
  CC      kernel/sched/cputime.o
  CC      drivers/hid/hid-a4tech.o
  CC      drivers/i2c/i2c-mux.o
  CC      fs/ext4/ioctl.o
  CC      net/ipv6/xfrm6_mode_tunnel.o
  CC      lib/win_minmax.o
  CC      drivers/hid/hid-apple.o
  CC      net/ipv6/xfrm6_mode_beet.o
  CC      net/netfilter/nf_conntrack_sane.o
  CC      fs/f2fs/namei.o
  CC      net/netfilter/nf_conntrack_tftp.o
  AR      drivers/i2c/algos/built-in.o
  CC      drivers/i2c/busses/i2c-mtk.o
  CC      kernel/sched/idle_task.o
  GEN     lib/crc32table.h
  CC      lib/oid_registry.o
  CC      drivers/hid/hid-belkin.o
  CC      fs/ext4/mballoc.o
  CC      kernel/sched/fair.o
  CC      net/ipv4/fib_trie.o
  CC      drivers/hid/hid-cherry.o
../drivers/i2c/busses/i2c-mtk.c:985:3: warning: add explicit braces to avoid dangling else [-Wdangling-else]
  985 |                 else {
      |                 ^
../drivers/i2c/busses/i2c-mtk.c:283:13: warning: unused function 'dump_i2c_info' [-Wunused-function]
  283 | static void dump_i2c_info(struct mt_i2c *i2c)
      |             ^~~~~~~~~~~~~
  CC      kernel/sched/rt.o
  AR      lib/lib.a
  CC      net/ipv6/mip6.o
  CC      net/netfilter/nf_nat_core.o
  CC      lib/crc32.o
  CC      net/wireless/ibss.o
  CC      fs/f2fs/hash.o
../kernel/sched/fair.c:11151:8: warning: mixing declarations and code is a C99 extension [-Wdeclaration-after-statement]
 11151 |                         int cpu = env.dst_cpu;
       |                             ^
  CC      drivers/hid/hid-chicony.o
  EXPORTS lib/lib-ksyms.o
2 warnings generated.
  CC      kernel/sched/deadline.o
  AR      drivers/i2c/busses/built-in.o
  CC      drivers/hid/hid-cypress.o
  AR      drivers/i2c/muxes/built-in.o
  AR      drivers/i2c/i2c-core.o
  CC      net/ipv6/netfilter/ip6_tables.o
  AR      drivers/i2c/built-in.o
lib/nmi_backtrace.o: no symbols
  CC      net/ipv6/ip6_vti.o
  CC      fs/f2fs/super.o
  AR      drivers/idle/built-in.o
  CC      drivers/iio/industrialio-core.o
  CC      net/wireless/sme.o
  AR      lib/built-in.o
  CC      drivers/hid/hid-dr.o
  CC      kernel/time/time.o
  CC      fs/ext4/migrate.o
  CC      net/ipv4/fib_notifier.o
  CC      drivers/hid/hid-ezkey.o
  CC      kernel/sched/wait.o
  CC      net/netfilter/nf_nat_proto_unknown.o
  CC      drivers/iio/industrialio-event.o
  CC      net/ipv6/sit.o
  CC      drivers/hid/hid-gyration.o
  CC      kernel/time/timer.o
  CC      fs/ext4/mmp.o
  CC      fs/f2fs/inline.o
  CC      net/wireless/chan.o
  CC      net/ipv4/inet_fragment.o
  CC      kernel/sched/wait_bit.o
  CC      drivers/hid/hid-kensington.o
  CC      net/ipv6/netfilter/ip6table_filter.o
  CC      net/netfilter/nf_nat_proto_common.o
1 warning generated.
  CC      kernel/sched/swait.o
  CC      drivers/iio/inkern.o
  CC      drivers/hid/hid-kye.o
  CC      drivers/iio/industrialio-buffer.o
  CC      fs/ext4/move_extent.o
  CC      net/ipv6/netfilter/ip6table_mangle.o
  CC      kernel/sched/completion.o
  CC      fs/f2fs/checkpoint.o
  CC      net/ipv6/ip6_tunnel.o
  CC      drivers/hid/hid-lg.o
  CC      kernel/time/hrtimer.o
  CC      net/wireless/ethtool.o
  CC      fs/f2fs/gc.o
  CC      kernel/sched/idle.o
  CC      fs/ext4/namei.o
  CC      net/ipv4/ping.o
  AR      drivers/iio/accel/built-in.o
  CC      drivers/hid/hid-magicmouse.o
  CC      net/netfilter/nf_nat_proto_udp.o
  CC      drivers/iio/adc/mt6577_auxadc.o
  CC      net/ipv6/netfilter/ip6table_raw.o
  CC      drivers/hid/hid-microsoft.o
  CC      drivers/iio/adc/mt635x-auxadc.o
  CC      fs/f2fs/data.o
  CC      kernel/time/timekeeping.o
  CC      net/wireless/mesh.o
  CC      net/netfilter/nf_nat_proto_tcp.o
  CC      kernel/sched/cpupri.o
  CC      drivers/hid/hid-monterey.o
  CC      net/ipv6/netfilter/nf_conntrack_l3proto_ipv6.o
  AR      drivers/iio/adc/built-in.o
  CC      net/wireless/ap.o
  AR      drivers/iio/amplifiers/built-in.o
  CC      drivers/iio/buffer/kfifo_buf.o
  CC      kernel/sched/cpudeadline.o
  CC      net/ipv4/ip_tunnel_core.o
  CC      fs/ext4/page-io.o
  CC      drivers/hid/hid-multitouch.o
  CC      net/wireless/trace.o
  CC      kernel/sched/topology.o
  CC      kernel/time/ntp.o
  CC      net/netfilter/nf_nat_helper.o
  AR      drivers/iio/buffer/built-in.o
  AR      drivers/iio/chemical/built-in.o
  CC      net/ipv6/netfilter/nf_conntrack_proto_icmpv6.o
  AR      drivers/iio/counter/built-in.o
  CC      drivers/hid/hid-nintendo.o
  AR      drivers/iio/common/cros_ec_sensors/built-in.o
  CC      net/xfrm/xfrm_policy.o
  AR      drivers/iio/common/hid-sensors/built-in.o
  CC      fs/f2fs/node.o
  AR      drivers/iio/common/ms_sensors/built-in.o
  AR      drivers/iio/common/ssp_sensors/built-in.o
  CC      fs/ext4/readpage.o
  AR      drivers/iio/common/st_sensors/built-in.o
  AR      drivers/iio/common/built-in.o
  AR      drivers/iio/dac/built-in.o
net/wireless/.tmp_trace.o: no symbols
  CC      kernel/time/clocksource.o
  CC      net/wireless/ocb.o
  AR      drivers/iio/dummy/built-in.o
  AR      drivers/iio/frequency/built-in.o
  AR      drivers/iio/gyro/built-in.o
  AR      drivers/iio/health/built-in.o
  CC      fs/f2fs/segment.o
  CC      kernel/sched/stop_task.o
  AR      drivers/iio/humidity/built-in.o
  AR      drivers/iio/imu/bmi160/built-in.o
  CC      drivers/hid/hid-pl.o
  AR      drivers/iio/imu/inv_mpu6050/built-in.o
  CC      net/ipv4/gre_offload.o
  AR      drivers/iio/imu/st_lsm6dsx/built-in.o
  AR      drivers/iio/imu/built-in.o
  AR      drivers/iio/light/built-in.o
  AR      drivers/iio/magnetometer/built-in.o
  AR      drivers/iio/multiplexer/built-in.o
  AR      drivers/iio/orientation/built-in.o
  CC      net/ipv6/netfilter/nf_defrag_ipv6_hooks.o
  AR      drivers/iio/potentiometer/built-in.o
  CC      fs/ext4/resize.o
  CC      kernel/sched/energy.o
  CC      kernel/time/jiffies.o
  AR      drivers/iio/potentiostat/built-in.o
  CC      net/wireless/of.o
  CC      drivers/hid/hid-petalynx.o
  CC      net/netfilter/nf_nat_proto_dccp.o
  AR      drivers/iio/pressure/built-in.o
  AR      drivers/iio/proximity/built-in.o
  AR      drivers/iio/temperature/built-in.o
  AR      drivers/iio/trigger/built-in.o
  AR      drivers/iio/industrialio.o
  AR      drivers/iio/built-in.o
  CC      drivers/input/input.o
  CC      drivers/hid/hid-plantronics.o
  CC      net/ipv4/ip_tunnel.o
  CC      kernel/time/timer_list.o
  CC      kernel/sched/tune.o
  CC      fs/f2fs/recovery.o
  CC      net/netfilter/nf_nat_proto_sctp.o
  CC      drivers/hid/hid-samsung.o
  CC      kernel/time/timeconv.o
  CC      net/wireless/wext-core.o
  CC      net/ipv6/netfilter/nf_conntrack_reasm.o
  CC      fs/ext4/super.o
  CC      net/xfrm/xfrm_state.o
  CC      kernel/sched/cpuacct.o
  CC      kernel/time/timecounter.o
  CC      drivers/input/input-compat.o
  CC      drivers/hid/hid-sjoy.o
  CC      kernel/time/alarmtimer.o
  CC      fs/f2fs/shrinker.o
  CC      net/netfilter/nf_nat_redirect.o
  CC      drivers/hid/hid-sony.o
../kernel/time/alarmtimer.c:167:32: warning: unused variable 'ratelimit' [-Wunused-variable]
  167 |         static DEFINE_RATELIMIT_STATE(ratelimit, HZ - 1, 5);
      |                                       ^~~~~~~~~
../include/linux/ratelimit.h:41:25: note: expanded from macro 'DEFINE_RATELIMIT_STATE'
   41 |         struct ratelimit_state name =                                   \
      |                                ^~~~
  CC      net/ipv4/sysctl_net_ipv4.o
  CC      kernel/sched/cpufreq.o
  CC      fs/f2fs/extent_cache.o
1 warning generated.
  CC      drivers/input/input-mt.o
  CC      net/wireless/wext-proc.o
  CC      kernel/time/posix-timers.o
  CC      net/ipv6/netfilter/nf_socket_ipv6.o
  CC      fs/f2fs/sysfs.o
  CC      drivers/hid/hid-sunplus.o
  CC      kernel/sched/cpufreq_schedutil.o
  CC      drivers/input/ff-core.o
  CC      net/wireless/wext-priv.o
  CC      fs/f2fs/debug.o
  CC      fs/ext4/symlink.o
  CC      net/ipv4/proc.o
  CC      kernel/time/posix-cpu-timers.o
  CC      net/netfilter/nf_nat_amanda.o
  CC      drivers/hid/hid-gaff.o
  CC      net/xfrm/xfrm_hash.o
  CC      fs/f2fs/xattr.o
  CC      drivers/input/ff-memless.o
  CC      net/wireless/regdb.o
  CC      fs/ext4/sysfs.o
  CC      drivers/hid/hid-tmff.o
  CC      net/ipv6/netfilter/nf_reject_ipv6.o
  CC      fs/f2fs/acl.o
  CC      net/xfrm/xfrm_input.o
  CC      kernel/time/posix-clock.o
  CC      kernel/sched/membarrier.o
  CC      drivers/hid/hid-topseed.o
  CC      net/ipv4/fib_rules.o
  CC      net/netfilter/nf_nat_ftp.o
  CC      drivers/input/input-leds.o
  AR      net/wireless/cfg80211.o
  AR      net/wireless/built-in.o
  CC      fs/ext4/xattr.o
  CC      net/compat.o
  CC      fs/f2fs/verity.o
  CC      drivers/hid/hid-twinhan.o
  CC      kernel/time/itimer.o
  CC      kernel/sched/psi.o
  CC      drivers/input/evdev.o
  CC      kernel/time/clockevents.o
  CC      drivers/hid/hid-zpff.o
  CC      net/ipv6/netfilter/ip6t_rpfilter.o
  CC      fs/f2fs/iostat.o
  CC      kernel/time/tick-common.o
  CC      net/netfilter/nf_nat_irc.o
  CC      net/xfrm/xfrm_output.o
  CC      net/ipv4/gre_demux.o
  CC      drivers/hid/usbhid/hid-core.o
  AR      kernel/sched/built-in.o
  CC      kernel/freezer.o
  CC      kernel/time/tick-broadcast.o
  CC      fs/ext4/xattr_trusted.o
  AR      fs/f2fs/f2fs.o
  CC      drivers/input/joystick/xpad.o
  AR      fs/f2fs/built-in.o
  CC      net/ipv6/netfilter/ip6t_REJECT.o
  CC      fs/fat/cache.o
  CC      drivers/iommu/iommu.o
  CC      net/netfilter/nf_nat_tftp.o
  CC      kernel/time/tick-broadcast-hrtimer.o
  CC      kernel/time/sched_clock.o
  CC      fs/ext4/xattr_user.o
  AR      drivers/input/joystick/built-in.o
  CC      fs/fat/dir.o
  CC      kernel/profile.o
  CC      drivers/hid/usbhid/hid-quirks.o
  CC      drivers/input/keyboard/mediatek/kpd.o
  CC      net/xfrm/xfrm_sysctl.o
  CC      drivers/input/keyboard/mediatek/mt6785/hal_kpd.o
  CC      kernel/time/tick-oneshot.o
  CC      net/ipv4/udp_tunnel.o
  AR      net/ipv6/netfilter/nf_conntrack_ipv6.o
  AR      net/ipv6/netfilter/nf_defrag_ipv6.o
  AR      net/ipv6/netfilter/built-in.o
  CC      net/netfilter/x_tables.o
  CC      net/ipv6/addrconf_core.o
  CC      drivers/iommu/iommu-traces.o
  CC      fs/ext4/acl.o
  AR      drivers/hid/usbhid/usbhid.o
  CC      kernel/time/tick-sched.o
drivers/iommu/.tmp_iommu-traces.o: no symbols
  CC      drivers/iommu/iommu-sysfs.o
  AR      drivers/hid/usbhid/built-in.o
  AR      drivers/hid/hid.o
  CC      fs/fat/fatent.o
  AR      drivers/hid/hid-logitech.o
  AR      drivers/input/keyboard/mediatek/mt6785/built-in.o
  CC      kernel/stacktrace.o
  AR      drivers/input/keyboard/mediatek/built-in.o
  AR      drivers/hid/built-in.o
  AR      drivers/input/keyboard/built-in.o
  CC      drivers/input/misc/uinput.o
  CC      drivers/irqchip/irqchip.o
  CC      net/xfrm/xfrm_replay.o
  CC      fs/fat/file.o
  CC      kernel/futex.o
  CC      drivers/iommu/dma-iommu.o
  CC      drivers/irqchip/irq-gic.o
  CC      fs/ext4/xattr_security.o
  AR      kernel/time/built-in.o
  CC      kernel/smp.o
  CC      net/ipv4/ip_vti.o
  CC      net/ipv6/exthdrs_core.o
  AR      drivers/input/misc/built-in.o
  CC      fs/fat/inode.o
  CC      drivers/input/oplus_fp_drivers/fpc/fpc_irq.o
  CC      net/netfilter/xt_tcpudp.o
  CC      fs/fat/misc.o
  CC      fs/ext4/verity.o
  CC      drivers/irqchip/irq-gic-common.o
  CC      drivers/iommu/iova.o
  CC      net/xfrm/xfrm_device.o
  CC      kernel/uid16.o
  AR      drivers/input/oplus_fp_drivers/fpc/built-in.o
  CC      drivers/input/oplus_fp_drivers/goodix_optical_fp/gf_spi_tee.o
  CC      net/sysctl_net.o
  CC      drivers/irqchip/irq-gic-v3.o
  CC      net/ipv4/syncookies.o
  CC      net/ipv6/ip6_checksum.o
  CC      fs/fat/nfs.o
  CC      fs/fat/namei_vfat.o
  CC      net/netfilter/xt_mark.o
  AR      fs/ext4/ext4.o
  AR      fs/ext4/built-in.o
  CC      kernel/module.o
  CC      fs/fuse/dev.o
  CC      net/xfrm/xfrm_proc.o
  CC      drivers/iommu/of_iommu.o
  CC      net/xfrm/xfrm_algo.o
  CC      drivers/input/oplus_fp_drivers/goodix_optical_fp/gf_platform_mtk.o
  CC      drivers/irqchip/irq-partition-percpu.o
  CC      fs/fat/namei_msdos.o
  CC      net/netfilter/xt_connmark.o
  CC      net/ipv4/esp4.o
  CC      drivers/irqchip/irq-mtk-sysirq.o
  CC      net/ipv6/ip6_icmp.o
  CC      drivers/input/oplus_fp_drivers/goodix_optical_fp/gf_netlink.o
  CC      net/ipv6/output_core.o
  CC      net/ipv4/xfrm4_mode_beet.o
  AR      drivers/iommu/built-in.o
  CC      drivers/leds/led-core.o
  AR      fs/fat/fat.o
  AR      fs/fat/vfat.o
  AR      fs/fat/msdos.o
  AR      fs/fat/built-in.o
  CC      fs/incfs/data_mgmt.o
  AR      drivers/irqchip/built-in.o
  CC      net/netfilter/xt_nat.o
  AR      drivers/macintosh/built-in.o
  CC      drivers/mailbox/mailbox.o
  CC      net/xfrm/xfrm_user.o
  CC      fs/fuse/dir.o
  AR      drivers/input/oplus_fp_drivers/goodix_optical_fp/gf_tee.o
  CC      drivers/leds/led-class.o
  AR      drivers/input/oplus_fp_drivers/goodix_optical_fp/built-in.o
  CC      drivers/input/oplus_fp_drivers/oplus_fp_common/oplus_fp_common.o
  CC      kernel/kallsyms.o
  CC      net/ipv4/tunnel4.o
  CC      net/ipv6/protocol.o
  CC      fs/incfs/format.o
  CC      net/ipv4/xfrm4_mode_transport.o
  CC      net/ipv6/ip6_offload.o
  CC      drivers/mailbox/mtk-cmdq-mailbox.o
  CC      drivers/leds/led-triggers.o
  CC      net/netfilter/xt_CLASSIFY.o
  CC      drivers/input/oplus_fp_drivers/oplus_fp_common/fingerprint_event.o
  CC      fs/fuse/file.o
  CC      fs/incfs/integrity.o
  AR      drivers/input/oplus_fp_drivers/oplus_fp_common/built-in.o
  AR      drivers/input/oplus_fp_drivers/built-in.o
  CC      drivers/leds/trigger/ledtrig-timer.o
  CC      kernel/compat.o
  CC      drivers/input/oplus_secure_drivers/oplus_secure_common/oplus_secure_common.o
  CC      net/ipv4/xfrm4_mode_tunnel.o
  CC      net/netfilter/xt_CONNSECMARK.o
  CC      fs/incfs/main.o
  CC      fs/fuse/inode.o
  CC      drivers/input/touchscreen/of_touchscreen.o
  CC      net/ipv6/tcpv6_offload.o
  CC      net/xfrm/xfrm_ipcomp.o
  AR      drivers/leds/trigger/built-in.o
  AR      drivers/leds/built-in.o
  CC      fs/incfs/vfs.o
  CC      drivers/md/dm-uevent.o
  AR      drivers/input/oplus_secure_drivers/oplus_secure_common/built-in.o
  AR      drivers/input/oplus_secure_drivers/built-in.o
  AR      drivers/mailbox/built-in.o
  AR      drivers/input/uff_fp_drivers/built-in.o
  AR      drivers/input/input-core.o
  AR      drivers/media/firewire/built-in.o
  AR      drivers/media/common/b2c2/built-in.o
  CC      drivers/input/touchscreen/oplus_touchscreen/Novatek/novatek_common.o
  AR      drivers/media/common/saa7146/built-in.o
  AR      drivers/media/i2c/soc_camera/built-in.o
  CC      drivers/media/i2c/ir-kbd-i2c.o
  AR      drivers/media/common/siano/built-in.o
  AR      drivers/media/common/v4l2-tpg/built-in.o
  AR      drivers/media/common/built-in.o
  CC      fs/fuse/control.o
  CC      kernel/utsname.o
  CC      net/netfilter/xt_CT.o
  AR      drivers/media/mmc/siano/built-in.o
  CC      net/ipv4/netfilter.o
  AR      drivers/media/mmc/built-in.o
  CC      fs/fuse/xattr.o
  CC      drivers/input/touchscreen/touch.o
  CC      net/ipv6/exthdrs_offload.o
  CC      drivers/md/dm.o
  CC      kernel/pid_namespace.o
  AR      fs/incfs/incrementalfs.o
  AR      drivers/media/i2c/built-in.o
  AR      fs/incfs/built-in.o
  CC      drivers/md/dm-table.o
  AR      drivers/media/pci/b2c2/built-in.o
  CC      fs/fuse/acl.o
  AR      drivers/media/pci/ddbridge/built-in.o
  CC      net/xfrm/xfrm_interface.o
../drivers/misc/mediatek/gud/Makefile.include:2: "CONFIG_MTK_PLATFORM: "mt6785""
../drivers/misc/mediatek/gud/Makefile.include:3: "CONFIG_TRUSTONIC_TEE_VERSION: "500""
  CC      fs/fuse/passthrough.o
  AR      drivers/media/pci/dm1105/built-in.o
  CC      drivers/input/touchscreen/oplus_touchscreen/Novatek/NT36672C_noflash/nvt_drivers_nt36672c_noflash.o
  AR      drivers/media/pci/mantis/built-in.o
  AR      drivers/media/pci/netup_unidvb/built-in.o
  AR      drivers/media/pci/ngene/built-in.o
  AR      drivers/media/pci/pluto2/built-in.o
  AR      drivers/media/pci/pt1/built-in.o
  AR      drivers/media/pci/pt3/built-in.o
  CC      net/netfilter/xt_HL.o
  AR      drivers/media/pci/saa7146/built-in.o
  AR      drivers/media/pci/smipcie/built-in.o
  CC      net/ipv6/inet6_hashtables.o
  AR      drivers/media/pci/ttpci/built-in.o
  AR      drivers/media/pci/built-in.o
  AR      drivers/media/platform/blackfin/built-in.o
  GZIP    kernel/config_data.gz
  CC      kernel/stop_machine.o
  AR      drivers/media/platform/davinci/built-in.o
  CC      kernel/kprobes.o
  AR      fs/fuse/fuse.o
  AR      drivers/media/platform/meson/built-in.o
  AR      fs/fuse/built-in.o
  CC      fs/isofs/namei.o
  CC      drivers/media/platform/mtk-vcodec/mtk_vcodec_dec_drv.o
  CC      net/ipv4/netfilter/nf_conntrack_l3proto_ipv4.o
  CC      drivers/md/dm-target.o
  CC      drivers/md/dm-linear.o
  AR      net/xfrm/built-in.o
  CC      net/netfilter/xt_NETMAP.o
  CC      kernel/seccomp.o
  CC      fs/isofs/inode.o
  CC      kernel/utsname_sysctl.o
  CC      drivers/media/platform/mtk-vcodec/vdec_drv_if.o
  CC      net/ipv6/ip6_udp_tunnel.o
  CC      kernel/taskstats.o
  CC      net/ipv4/netfilter/nf_conntrack_proto_icmp.o
  CC      kernel/tsacct.o
  AR      drivers/input/touchscreen/oplus_touchscreen/Novatek/NT36672C_noflash/built-in.o
  AR      drivers/input/touchscreen/oplus_touchscreen/Novatek/built-in.o
  CC      net/ipv4/netfilter/nf_nat_l3proto_ipv4.o
  CC      drivers/md/dm-stripe.o
  CC      drivers/input/touchscreen/oplus_touchscreen/util_interface/touch_interfaces.o
  CC      net/netfilter/xt_NFLOG.o
  CC      fs/isofs/dir.o
  CC      kernel/irq_work.o
  CC      kernel/cpu_pm.o
  CC      drivers/media/platform/mtk-vcodec/mtk_vcodec_dec.o
  CC      drivers/media/platform/mtk-vcodec/mt6785/mtk_vcodec_dec_pm.o
  CC      net/ipv4/netfilter/nf_nat_proto_icmp.o
  CC      fs/isofs/util.o
  CC      drivers/md/dm-ioctl.o
  CC      net/netfilter/xt_NFQUEUE.o
  AR      drivers/input/touchscreen/oplus_touchscreen/util_interface/built-in.o
  CC      drivers/input/touchscreen/oplus_touchscreen/touchpanel_common_driver.o
  CC      net/ipv6/mcast_snoop.o
  CC      drivers/md/dm-io.o
  CC      kernel/memremap.o
  CC      drivers/media/platform/mtk-vcodec/vdec/vdec_common_if.o
  CC      fs/isofs/rock.o
  CC      net/ipv4/netfilter/nf_defrag_ipv4.o
  CC      drivers/media/platform/mtk-vcodec/vdec/vdec_log_if.o
  CC      net/ipv4/netfilter/nf_socket_ipv4.o
  CC      net/netfilter/xt_REDIRECT.o
  CC      drivers/md/dm-kcopyd.o
  CC      fs/isofs/export.o
  CHK     kernel/config_data.h
  CC      drivers/media/platform/mtk-vcodec/vdec_vcu_if.o
  UPD     kernel/config_data.h
  CC      kernel/configs.o
  CC      drivers/md/dm-sysfs.o
  CC      drivers/media/platform/mtk-vcodec/mtk_vcodec_enc.o
  AR      net/ipv6/ipv6.o
  AR      net/ipv6/built-in.o
  CC      drivers/media/platform/mtk-vcu/mtk_vcu.o
  CC      fs/isofs/joliet.o
  AR      kernel/built-in.o
  CC      net/netfilter/xt_SECMARK.o
  CC      net/ipv4/netfilter/nf_reject_ipv4.o
  CC      drivers/memory/mtk-smi.o
  AR      drivers/media/radio/built-in.o
  CC      drivers/media/platform/mtk-vcodec/mtk_vcodec_enc_drv.o
  CC      drivers/md/dm-stats.o
  CC      fs/isofs/compress.o
  CC      net/ipv4/netfilter/nf_nat_h323.o
  CC      drivers/media/rc/keymaps/rc-adstech-dvb-t-pci.o
  CC      drivers/media/platform/mtk-vcodec/mt6785/mtk_vcodec_enc_pm.o
  CC      drivers/input/touchscreen/oplus_touchscreen/touchpanel_prevention.o
  CC      net/netfilter/xt_TPROXY.o
  AR      drivers/memory/built-in.o
  CC      drivers/media/rc/keymaps/rc-alink-dtu-m.o
  CC      drivers/mfd/mfd-core.o
  AR      drivers/media/spi/built-in.o
  AR      drivers/media/tuners/built-in.o
  AR      fs/isofs/isofs.o
  AR      fs/isofs/built-in.o
  AR      drivers/media/usb/b2c2/built-in.o
  CC      fs/jbd2/transaction.o
  AR      drivers/media/usb/dvb-usb/built-in.o
  CC      drivers/media/platform/mtk-vcodec/venc_drv_if.o
  AR      drivers/media/usb/dvb-usb-v2/built-in.o
  AR      drivers/media/usb/s2255/built-in.o
  CC      drivers/media/platform/mtk-vcu/mtk_vcodec_mem.o
  AR      drivers/media/usb/siano/built-in.o
  CC      net/ipv4/netfilter/nf_nat_pptp.o
  AR      drivers/media/usb/stkwebcam/built-in.o
  CC      drivers/media/rc/keymaps/rc-anysee.o
  CC      net/ipv4/netfilter/nf_nat_masquerade_ipv4.o
  CC      drivers/md/dm-rq.o
  AR      drivers/media/usb/ttusb-budget/built-in.o
  AR      drivers/media/usb/ttusb-dec/built-in.o
  AR      drivers/media/usb/zr364xx/built-in.o
  AR      drivers/media/usb/built-in.o
  CC      drivers/media/v4l2-core/v4l2-dev.o
  CC      drivers/mfd/syscon.o
  CC      net/netfilter/xt_TCPMSS.o
  CC      drivers/media/rc/keymaps/rc-apac-viewcomp.o
  CC      drivers/media/platform/mtk-vcodec/venc/venc_common_if.o
  AR      drivers/media/platform/mtk-vcu/mtk-vcu.o
  AR      drivers/media/platform/mtk-vcu/built-in.o
  CC      drivers/media/platform/mtk-videobuf/mtk-dma-contig.o
  CC      drivers/media/rc/keymaps/rc-asus-pc39.o
  CC      net/ipv4/netfilter/nf_nat_proto_gre.o
  CC      drivers/mfd/mt6358-core.o
  CC      fs/jbd2/commit.o
  CC      drivers/md/dm-builtin.o
  CC      drivers/media/v4l2-core/v4l2-ioctl.o
  CC      drivers/media/rc/keymaps/rc-asus-ps3-100.o
  CC      drivers/media/platform/mtk-vcodec/venc/venc_log_if.o
  CC      net/netfilter/xt_TRACE.o
  CC      fs/kernfs/mount.o
  AR      drivers/media/platform/mtk-videobuf/built-in.o
  AR      drivers/media/platform/omap/built-in.o
  CC      drivers/media/rc/keymaps/rc-ati-tv-wonder-hd-600.o
  AR      drivers/media/platform/stm32/built-in.o
  CC      drivers/media/rc/rc-main.o
  CC      drivers/mfd/mt635x-ot-debug.o
  CC      fs/jbd2/recovery.o
  CC      drivers/media/platform/mtk-vcodec/venc_vcu_if.o
  CC      drivers/md/dm-bufio.o
  CC      fs/kernfs/inode.o
  CC      net/netfilter/xt_IDLETIMER.o
  CC      drivers/media/rc/keymaps/rc-ati-x10.o
  CC      net/ipv4/netfilter/ip_tables.o
  CC      drivers/media/v4l2-core/v4l2-device.o
  CC      drivers/mfd/mt6358-misc.o
  CC      drivers/media/rc/keymaps/rc-avermedia-a16d.o
  CC      drivers/media/platform/mtk-vcodec/mt6785/mtk_vcodec_intr.o
  CC      fs/jbd2/checkpoint.o
  CC      fs/kernfs/dir.o
  CC      drivers/media/rc/rc-ir-raw.o
  CC      drivers/media/rc/keymaps/rc-avermedia.o
  CC      net/netfilter/xt_bpf.o
  CC      drivers/md/dm-crypt.o
  CC      fs/jbd2/revoke.o
  CC      drivers/media/v4l2-core/v4l2-fh.o
  AR      drivers/mfd/built-in.o
  CC      drivers/media/rc/keymaps/rc-avermedia-cardbus.o
  CC      drivers/media/platform/mtk-vcodec/mtk_vcodec_util.o
  AR      drivers/misc/cb710/built-in.o
  CC      fs/kernfs/file.o
  AR      drivers/misc/eeprom/built-in.o
  AR      drivers/misc/lis3lv02d/built-in.o
  CC      drivers/media/rc/ir-nec-decoder.o
  CC      net/ipv4/netfilter/iptable_filter.o
  CC      net/netfilter/xt_comment.o
  CC      drivers/media/rc/keymaps/rc-avermedia-dvbt.o
  CC      drivers/misc/mediatek/accdet/accdet_drv.o
  CC      fs/jbd2/journal.o
  CC      drivers/media/v4l2-core/v4l2-event.o
  CC      drivers/media/rc/ir-rc5-decoder.o
  CC      drivers/media/rc/keymaps/rc-avermedia-m135a.o
  CC      fs/kernfs/symlink.o
  CC      drivers/media/platform/mtk-vcodec/mt6785/vcodec_dvfs.o
  CC      net/netfilter/xt_connlimit.o
  CC      drivers/misc/mediatek/accdet/mt6359/accdet.o
  CC      net/ipv4/netfilter/iptable_mangle.o
  CC      drivers/md/dm-default-key.o
  CC      drivers/media/rc/keymaps/rc-avermedia-m733a-rm-k6.o
  AR      fs/kernfs/built-in.o
  CC      drivers/media/platform/mtk-vcodec/mt6785/vcodec_bw.o
  CC      fs/nls/nls_base.o
  AR      drivers/misc/mic/bus/built-in.o
  AR      drivers/misc/mic/built-in.o
  CC      drivers/media/v4l2-core/v4l2-ctrls.o
  CC      drivers/misc/oplus/oplus_display_private_api.o
  AR      drivers/media/platform/mtk-vcodec/mtk-vcodec-dec.o
  AR      drivers/media/platform/mtk-vcodec/mtk-vcodec-enc.o
  AR      drivers/media/platform/mtk-vcodec/mtk-vcodec-common.o
  AR      drivers/media/platform/mtk-vcodec/built-in.o
  AR      drivers/media/platform/built-in.o
  CC      drivers/media/media-device.o
  CC      drivers/media/rc/keymaps/rc-avermedia-rm-ks.o
  CC      drivers/md/dm-snap.o
  CC      fs/nls/nls_cp437.o
  AR      fs/jbd2/jbd2.o
  AR      fs/jbd2/built-in.o
  CC      net/ipv4/netfilter/iptable_nat.o
  CC      drivers/input/touchscreen/oplus_touchscreen/touchpanel_healthinfo.o
../drivers/misc/oplus/oplus_display_private_api.c:104:41: warning: 'extern' variable has an initializer [-Wextern-initializer]
  104 | extern unsigned int __attribute((weak)) delay_uiready = 0;
      |                                         ^
../drivers/misc/oplus/oplus_display_private_api.c:896:16: warning: unused variable 'payload' [-Wunused-variable]
  896 |         unsigned char payload[100] = "";
      |                       ^~~~~~~
  CC      drivers/media/rc/keymaps/rc-avertv-303.o
2 warnings generated.
  CC      drivers/misc/oplus/oplus_display_alwaysondisplay.o
  AR      drivers/misc/mediatek/accdet/mt6359/built-in.o
  CC      fs/nls/nls_cp950.o
  AR      drivers/misc/mediatek/accdet/built-in.o
  CC      net/netfilter/xt_conntrack.o
  CC      drivers/misc/mediatek/adsp/mt6785/../common/adsp_core.o
  CC      drivers/media/rc/keymaps/rc-azurewave-ad-tu700.o
../drivers/input/touchscreen/oplus_touchscreen/touchpanel_healthinfo.c:1306:52: warning: cast to smaller integer type 'int' from 'void *' [-Wvoid-pointer-to-int-cast]
 1306 |         ret = tp_irq_interval_handle(monitor_data, (int)value);
      |                                                    ^~~~~~~~~~
  CC      drivers/media/media-devnode.o
  CC      fs/nls/nls_ascii.o
  CC      drivers/media/v4l2-core/v4l2-subdev.o
  CC      net/ipv4/netfilter/iptable_raw.o
  CC      drivers/media/rc/keymaps/rc-behold.o
  CC      drivers/misc/oplus/display_panel/oplus_display_panel.o
  CC      fs/nls/nls_iso8859-1.o
  CC      drivers/misc/mediatek/adsp/mt6785/../common/adsp_fs.o
1 warning generated.
  CC      drivers/md/dm-exception-store.o
  CC      fs/nls/nls_utf8.o
  CC      net/netfilter/xt_ecn.o
  CC      drivers/media/rc/keymaps/rc-behold-columbus.o
  AR      drivers/misc/oplus/display_panel/built-in.o
  AR      drivers/misc/oplus/built-in.o
  CC      drivers/md/dm-snap-transient.o
  CC      drivers/input/touchscreen/oplus_touchscreen/touchpanel_algorithm.o
  AR      drivers/misc/ti-st/built-in.o
  AR      fs/nls/built-in.o
  AR      drivers/misc/tri_state_key/built-in.o
  CC      fs/notify/fsnotify.o
  CC      drivers/media/v4l2-core/v4l2-clk.o
  CC      drivers/misc/mediatek/adsp/mt6785/../common/adsp_semaphore.o
  CC      net/ipv4/netfilter/iptable_security.o
  CC      drivers/mmc/core/core.o
  CC      drivers/media/rc/keymaps/rc-budget-ci-old.o
  CC      drivers/md/dm-snap-persistent.o
  CC      drivers/md/dm-verity-fec.o
  CC      drivers/misc/mediatek/adsp/mt6785/../common/adsp_logger.o
  CC      drivers/media/rc/keymaps/rc-cec.o
  CC      drivers/misc/mediatek/adsp/mt6785/adsp_awake.o
  CC      net/netfilter/xt_esp.o
  CC      fs/notify/notification.o
  CC      drivers/media/v4l2-core/v4l2-async.o
  CC      drivers/media/rc/keymaps/rc-cinergy-1400.o
  CC      drivers/misc/mediatek/adsp/mt6785/../common/adsp_feature_table.o
  CC      net/ipv4/netfilter/ipt_MASQUERADE.o
  CC      drivers/misc/mediatek/adsp/mt6785/adsp_clk.o
  CC      drivers/md/dm-verity-target.o
  CC      drivers/md/dm-bow.o
  CC      drivers/media/rc/keymaps/rc-cinergy.o
  CC      drivers/misc/mediatek/adsp/mt6785/adsp_bus_monitor.o
  CC      net/netfilter/xt_hashlimit.o
  AR      drivers/misc/mediatek/adsp/mt6785/../common/adsp.o
  CC      fs/notify/group.o
  AR      drivers/misc/mediatek/adsp/mt6785/../common/built-in.o
  CC      drivers/media/rc/keymaps/rc-d680-dmb.o
  CC      net/ipv4/netfilter/ipt_REJECT.o
  CC      drivers/media/v4l2-core/v4l2-compat-ioctl32.o
  CC      drivers/mmc/core/bus.o
../drivers/md/dm-bow.c:15:9: warning: 'SECTOR_SIZE' macro redefined [-Wmacro-redefined]
   15 | #define SECTOR_SIZE 512
      |         ^
../include/linux/blkdev.h:1050:9: note: previous definition is here
 1050 | #define SECTOR_SIZE (1 << SECTOR_SHIFT)
      |         ^
  CC      drivers/media/rc/keymaps/rc-delock-61959.o
  CC      drivers/misc/mediatek/adsp/mt6785/adsp_reserved_mem.o
  CC      net/ipv4/netfilter/arp_tables.o
  CC      drivers/media/rc/keymaps/rc-dib0700-nec.o
1 warning generated.
  AR      drivers/md/dm-mod.o
  CC      fs/notify/mark.o
  CC      fs/notify/fdinfo.o
  AR      drivers/md/dm-snapshot.o
  AR      drivers/md/dm-verity.o
  AR      drivers/md/built-in.o
  CC      drivers/net/dummy.o
  CC      drivers/media/rc/keymaps/rc-dib0700-rc5.o
  CC      drivers/media/rc/keymaps/rc-digitalnow-tinytwin.o
  CC      drivers/mmc/core/host.o
  CC      drivers/misc/mediatek/adsp/mt6785/adsp_platform_driver.o
  CC      net/ipv4/netfilter/arpt_mangle.o
  CC      fs/notify/dnotify/dnotify.o
  CC      net/netfilter/xt_helper.o
  AR      fs/notify/fanotify/built-in.o
  CC      drivers/media/rc/keymaps/rc-digittrade.o
  CC      fs/notify/inotify/inotify_fsnotify.o
  CC      drivers/media/rc/keymaps/rc-dm1105-nec.o
  CC      drivers/misc/mediatek/adsp/mt6785/adsp_platform.o
  AR      fs/notify/dnotify/built-in.o
  AR      drivers/net/dsa/b53/built-in.o
  CC      drivers/nfc/nq330-i2c/nq330.o
  AR      drivers/net/dsa/microchip/built-in.o
  AR      drivers/net/dsa/mv88e6xxx/built-in.o
  AR      drivers/net/dsa/built-in.o
  CC      fs/notify/inotify/inotify_user.o
  CC      drivers/media/media-entity.o
  AR      drivers/net/phy/built-in.o
  CC      drivers/media/rc/keymaps/rc-dntv-live-dvb-t.o
  CC      net/ipv4/netfilter/arptable_filter.o
  CC      drivers/net/ppp/ppp_generic.o
  CC      drivers/mmc/core/mmc.o
  CC      net/netfilter/xt_hl.o
  CC      drivers/misc/mediatek/adsp/mt6785/adsp_ipi.o
  CC      fs/overlayfs/super.o
  CC      drivers/media/rc/keymaps/rc-dntv-live-dvbt-pro.o
  AR      fs/notify/inotify/built-in.o
  AR      fs/notify/built-in.o
  AR      drivers/nfc/nq330-i2c/built-in.o
  AR      drivers/media/media.o
  CC      drivers/nfc/oplus_nfc/oplus_nfc.o
  CC      drivers/misc/uid_sys_stats.o
  AR      net/ipv4/netfilter/nf_conntrack_ipv4.o
  AR      net/ipv4/netfilter/nf_nat_ipv4.o
  AR      net/ipv4/netfilter/built-in.o
  CC      net/ipv4/inet_diag.o
  CC      drivers/media/rc/keymaps/rc-dtt200u.o
  CC      drivers/misc/mediatek/adsp/mt6785/adsp_excep.o
  CC      fs/overlayfs/namei.o
  CC      fs/proc/task_mmu.o
  CC      net/netfilter/xt_iprange.o
  CC      drivers/mmc/core/mmc_ops.o
  AR      drivers/nfc/oplus_nfc/built-in.o
  CC      drivers/nfc/p73-spi/p73.o
  CC      drivers/media/rc/keymaps/rc-dvbsky.o
  CC      drivers/media/rc/keymaps/rc-dvico-mce.o
  CC      fs/overlayfs/util.o
../fs/proc/task_mmu.c:384:24: warning: mixing declarations and code is a C99 extension [-Wdeclaration-after-statement]
  384 |         struct dentry *dentry = file->f_path.dentry;
      |                        ^
  AR      drivers/misc/mediatek/adsp/mt6785/built-in.o
  AR      drivers/misc/mediatek/adsp/built-in.o
  CC      drivers/media/v4l2-core/v4l2-mc.o
  CC      drivers/misc/mediatek/aee/common/dummy.o
  CC      drivers/media/rc/keymaps/rc-dvico-portable.o
  CC      drivers/net/ppp/ppp_async.o
  CC      drivers/media/rc/keymaps/rc-em-terratec.o
  CC      net/netfilter/xt_l2tp.o
1 warning generated.
  AR      drivers/nfc/p73-spi/built-in.o
  CC      fs/proc/inode.o
  CC      drivers/nfc/p73-spi-nq330/p73_nq330.o
  CC      drivers/mmc/core/sd.o
  CC      fs/overlayfs/inode.o
  CC      drivers/media/rc/keymaps/rc-encore-enltv2.o
  CC      drivers/media/rc/keymaps/rc-encore-enltv.o
  AR      drivers/misc/mediatek/aee/common/aee.o
  CC      net/ipv4/tcp_diag.o
  AR      drivers/misc/mediatek/aee/common/built-in.o
  AR      drivers/misc/mediatek/aee/mrdump/built-in.o
  AR      drivers/misc/mediatek/aee/built-in.o
  CC      fs/overlayfs/dir.o
  CC      drivers/misc/mediatek/atf/mt_secure_call.o
  CC      fs/proc/root.o
  CC      drivers/media/v4l2-core/v4l2-common.o
  AR      drivers/nfc/p73-spi-nq330/built-in.o
  AR      drivers/misc/mediatek/atf/built-in.o
  CC      drivers/media/rc/keymaps/rc-encore-enltv-fm53.o
  CC      drivers/media/rc/keymaps/rc-evga-indtube.o
  CC      drivers/nfc/pn553-i2c/pn553.o
  CC      drivers/mmc/core/sd_ops.o
  CC      drivers/net/ppp/bsd_comp.o
  CC      net/netfilter/xt_length.o
  CC      drivers/misc/mediatek/audio_ipi/common/framework/audio_ringbuf.o
  CC      drivers/misc/mediatek/audio_ipi/common/framework/audio_ipi_dma.o
  CC      fs/proc/base.o
  CC      drivers/media/rc/keymaps/rc-eztv.o
  CC      drivers/media/rc/keymaps/rc-flydvb.o
  CC      fs/overlayfs/readdir.o
  CC      net/ipv4/udp_diag.o
  CC      drivers/media/v4l2-core/v4l2-dv-timings.o
  CC      drivers/media/rc/keymaps/rc-flyvideo.o
  CC      drivers/misc/mediatek/audio_ipi/common/framework/audio_ipi_driver.o
  CC      drivers/mmc/core/sdio.o
  CC      drivers/misc/mediatek/audio_ipi/common/framework/audio_ipi_queue.o
  AR      drivers/nfc/pn553-i2c/built-in.o
  CC      drivers/nfc/st21nfc-i2c/st21nfc.o
  CC      net/netfilter/xt_limit.o
  CC      fs/overlayfs/copy_up.o
  CC      drivers/media/rc/keymaps/rc-fusionhdtv-mce.o
  CC      drivers/media/v4l2-core/v4l2-mem2mem.o
  CC      fs/proc/generic.o
  CC      drivers/media/v4l2-core/videobuf2-core.o
  CC      net/ipv4/tcp_bbr.o
  CC      drivers/misc/mediatek/audio_ipi/common/framework/audio_messenger_ipi.o
  CC      drivers/media/rc/keymaps/rc-gadmei-rm008z.o
  CC      drivers/mmc/core/sdio_ops.o
../drivers/nfc/st21nfc-i2c/st21nfc.c:1021:7: warning: mixing declarations and code is a C99 extension [-Wdeclaration-after-statement]
 1021 |   int ret;
      |       ^
  AR      drivers/input/touchscreen/oplus_touchscreen/built-in.o
  AR      drivers/input/touchscreen/built-in.o
  AR      drivers/input/built-in.o
1 warning generated.
  CC      net/netfilter/xt_mac.o
  AR      drivers/nfc/st21nfc-i2c/built-in.o
  AR      drivers/nvme/host/built-in.o
  CC      drivers/nfc/st54-spi/st54spi.o
  AR      drivers/nvme/target/built-in.o
  AR      drivers/nvme/built-in.o
  AR      fs/overlayfs/overlay.o
  AR      fs/overlayfs/built-in.o
  CC      drivers/nvmem/core.o
  CC      fs/pstore/inode.o
  CC      drivers/media/rc/keymaps/rc-geekbox.o
  CC      drivers/misc/mediatek/audio_ipi/common/framework/audio_task_manager.o
  CC      drivers/media/v4l2-core/videobuf2-v4l2.o
  CC      fs/proc/array.o
  CC      drivers/mmc/core/sdio_bus.o
  CC      drivers/misc/mediatek/audio_ipi/common/framework/adsp_ipi_queue.o
  CC      drivers/media/rc/keymaps/rc-genius-tvgo-a11mce.o
  CC      net/netfilter/xt_owner.o
  CC      fs/pstore/platform.o
  CC      net/ipv4/tcp_bic.o
  AR      drivers/nfc/st54-spi/built-in.o
  AR      drivers/nfc/built-in.o
  AR      drivers/nvmem/nvmem_core.o
  CC      drivers/media/v4l2-core/videobuf2-memops.o
  AR      drivers/nvmem/built-in.o
  CC      drivers/of/base.o
  CC      drivers/pci/dwc/pcie-hisi.o
  CC      drivers/media/rc/keymaps/rc-gotview7135.o
  CC      fs/proc/fd.o
  AR      drivers/misc/mediatek/audio_ipi/common/framework/built-in.o
  AR      drivers/misc/mediatek/audio_ipi/common/built-in.o
  CC      drivers/misc/mediatek/audio_ipi/mt6785/audio_ipi_platform.o
  CC      drivers/mmc/core/sdio_cis.o
  CC      fs/quota/dquot.o
  CC      drivers/media/rc/keymaps/rc-imon-mce.o
  CC      fs/pstore/pmsg.o
drivers/pci/dwc/.tmp_pcie-hisi.o: no symbols
  AR      drivers/pci/dwc/built-in.o
  CC      net/netfilter/xt_pkttype.o
  CC      drivers/perf/arm_pmu.o
  AR      drivers/misc/mediatek/audio_ipi/mt6785/built-in.o
  AR      drivers/misc/mediatek/audio_ipi/built-in.o
  CC      drivers/media/v4l2-core/videobuf2-dma-contig.o
  AR      drivers/misc/mediatek/audio_scp/built-in.o
  CC      fs/proc/proc_tty.o
  CC      net/ipv4/tcp_cdg.o
  CC      drivers/misc/mediatek/base/power/clkbuf_v1/mtk_clkbuf_ctl.o
  CC      drivers/media/rc/keymaps/rc-imon-pad.o
  CC      drivers/of/device.o
  CC      drivers/mmc/core/sdio_io.o
  CC      fs/pstore/ram.o
  CC      fs/proc/cmdline.o
  CC      drivers/media/rc/keymaps/rc-iodata-bctv7e.o
  CC      net/netfilter/xt_policy.o
  AR      drivers/media/v4l2-core/videodev.o
  CC      drivers/misc/mediatek/base/power/clkbuf_v1/mt6785/mtk_clkbuf_hw.o
  CC      fs/pstore/ram_core.o
  CC      fs/proc/consoles.o
  CC      drivers/perf/arm_pmu_platform.o
  AR      drivers/media/v4l2-core/built-in.o
  CC      fs/proc/cpuinfo.o
  CC      drivers/media/rc/keymaps/rc-it913x-v1.o
  CC      net/ipv4/tcp_cubic.o
  CC      drivers/of/platform.o
  CC      drivers/mmc/core/sdio_irq.o
  CC      fs/quota/quota_v2.o
  CC      fs/proc/devices.o
  CC      fs/proc/interrupts.o
  CC      drivers/media/rc/keymaps/rc-it913x-v2.o
  CC      drivers/perf/arm_dsu_pmu.o
  AR      fs/pstore/pstore.o
  AR      fs/pstore/ramoops.o
  AR      fs/pstore/built-in.o
  CC      net/netfilter/xt_quota.o
  CC      fs/quota/quota_tree.o
  CC      fs/ramfs/inode.o
  CC      fs/proc/loadavg.o
  CC      fs/proc/meminfo.o
  CC      drivers/of/property.o
  CC      drivers/media/rc/keymaps/rc-kaiomy.o
  AR      drivers/misc/mediatek/base/power/clkbuf_v1/mt6785/built-in.o
  AR      drivers/misc/mediatek/base/power/clkbuf_v1/built-in.o
  CC      drivers/mmc/core/slot-gpio.o
  CC      drivers/misc/mediatek/base/power/cm_mgr_v1/mtk_cm_mgr.o
  CC      net/ipv4/tcp_dctcp.o
  CC      drivers/net/ppp/ppp_deflate.o
  AR      drivers/perf/built-in.o
  CC      drivers/net/ppp/ppp_mppe.o
  CC      drivers/media/rc/keymaps/rc-kworld-315u.o
  CC      fs/ramfs/file-mmu.o
  CC      fs/quota/quota.o
  CC      net/netfilter/xt_quota2.o
  CC      fs/proc/stat.o
  CC      drivers/net/ppp/ppp_synctty.o
  CC      drivers/of/fdt.o
  CC      drivers/mmc/core/pwrseq.o
  CC      drivers/media/rc/keymaps/rc-kworld-pc150u.o
  CC      drivers/misc/mediatek/base/power/cm_mgr_v1/mt6785/mtk_cm_mgr_platform.o
  AR      fs/ramfs/ramfs.o
  AR      fs/ramfs/built-in.o
  CC      fs/proc/uptime.o
  CC      fs/sysfs/file.o
  CC      drivers/net/slip/slhc.o
  CC      net/ipv4/tcp_westwood.o
  CC      fs/quota/kqid.o
  CC      drivers/media/rc/keymaps/rc-kworld-plus-tv-analog.o
  CC      net/netfilter/xt_socket.o
  CC      fs/proc/version.o
  CC      drivers/mmc/core/pwrseq_simple.o
  CC      drivers/net/ppp/pppox.o
  CC      drivers/media/rc/keymaps/rc-leadtek-y04g0051.o
  AR      fs/quota/built-in.o
  CC      fs/sysfs/dir.o
  SHIPPED fs/unicode/utf8data.h
  CC      fs/unicode/utf8-core.o
  CC      fs/sysfs/symlink.o
  CC      fs/proc/softirqs.o
  CC      drivers/of/fdt_address.o
  AR      drivers/misc/mediatek/base/power/cm_mgr_v1/mt6785/built-in.o
  AR      drivers/misc/mediatek/base/power/cm_mgr_v1/built-in.o
  CC      drivers/misc/mediatek/base/power/cpufreq_v1/src/mtk_cpufreq_main.o
  CC      net/ipv4/tcp_highspeed.o
  CC      drivers/mmc/core/pwrseq_emmc.o
  CC      drivers/media/rc/keymaps/rc-lme2510.o
  CC      fs/proc/namespaces.o
  CC      net/netfilter/xt_state.o
  CC      fs/sysfs/mount.o
  AR      drivers/net/slip/built-in.o
  CC      drivers/of/address.o
  CC      fs/unicode/utf8-norm.o
  CC      drivers/net/usb/r8152.o
  CC      drivers/mmc/core/block.o
  CC      drivers/misc/mediatek/blocktag/blocktag.o
  CC      drivers/media/rc/keymaps/rc-manli.o
  CC      fs/sysfs/group.o
  CC      drivers/misc/mediatek/base/power/cpufreq_v1/src/mtk_cpufreq_interface.o
  CC      drivers/net/ppp/pppoe.o
  CC      fs/proc/self.o
  AR      fs/unicode/unicode.o
  CC      drivers/media/rc/keymaps/rc-medion-x10.o
  AR      fs/unicode/built-in.o
  CC      fs/verity/enable.o
  CC      net/ipv4/tcp_hybla.o
  AR      fs/sysfs/built-in.o
  CC      fs/eventpoll.o
../drivers/mmc/core/block.c:1293:21: warning: unused variable 'mask' [-Wunused-variable]
 1293 |         const unsigned int mask = EXT_CSD_PART_CONFIG_ACC_MASK;
      |                            ^~~~
../drivers/mmc/core/block.c:1294:21: warning: unused variable 'rpmb' [-Wunused-variable]
 1294 |         const unsigned int rpmb = EXT_CSD_PART_CONFIG_ACC_RPMB;
      |                            ^~~~
  CC      net/netfilter/xt_statistic.o
  CC      drivers/media/rc/keymaps/rc-medion-x10-digitainer.o
  CC      fs/proc/thread_self.o
  CC      drivers/misc/mediatek/base/power/cpufreq_v1/src/mtk_cpufreq_api.o
  CC      drivers/of/irq.o
  CC      drivers/net/ppp/pptp.o
  CC      drivers/media/rc/keymaps/rc-medion-x10-or2x.o
2 warnings generated.
  AR      drivers/misc/mediatek/blocktag/built-in.o
  CC      fs/verity/hash_algs.o
  CC      fs/proc/uid.o
  CC      drivers/misc/mediatek/boot/mtk_boot_common.o
  CC      net/netfilter/xt_string.o
  AR      drivers/net/usb/built-in.o
  CC      drivers/media/rc/keymaps/rc-msi-digivox-ii.o
  CC      drivers/mmc/core/queue.o
  CC      drivers/misc/mediatek/base/power/cpufreq_v1/src/mtk_cpufreq_debug.o
  CC      net/ipv4/tcp_htcp.o
  CC      drivers/media/rc/keymaps/rc-msi-digivox-iii.o
  CC      fs/proc/proc_sysctl.o
  CC      fs/verity/init.o
  CC      fs/anon_inodes.o
  CC      drivers/media/rc/keymaps/rc-msi-tvanywhere.o
  CC      drivers/of/of_net.o
  CC      drivers/media/rc/keymaps/rc-msi-tvanywhere-plus.o
  AR      drivers/net/ppp/built-in.o
  CC      net/netfilter/xt_time.o
In file included from ../drivers/mmc/core/queue.c:34:
In file included from ../drivers/mmc/host/cqhci-crypto.h:9:
../drivers/mmc/host/cmdq_hci.h:341:49: warning: declaration of 'struct platform_device' will not be visible outside of this function [-Wvisibility]
  341 | extern struct cmdq_host *cmdq_pltfm_init(struct platform_device *pdev);
      |                                                 ^
  CC      drivers/misc/mediatek/base/power/cpufreq_v1/src/mtk_cpufreq_hybrid.o
  CC      fs/verity/measure.o
  CC      drivers/net/wireguard/main.o
1 warning generated.
  CC      drivers/misc/mediatek/boot/mtk_boot.o
  CC      drivers/net/wireguard/noise.o
  CC      net/ipv4/tcp_vegas.o
  CC      drivers/media/rc/ir-rc6-decoder.o
  CC      drivers/media/rc/keymaps/rc-nebula.o
  CC      drivers/mmc/core/mtk_mmc_block.o
  CC      fs/verity/open.o
  CC      fs/proc/proc_net.o
  AR      drivers/misc/mediatek/boot/BOOT_COMMON.o
  CC      net/netfilter/xt_u32.o
  CC      drivers/media/rc/keymaps/rc-nec-terratec-cinergy-xs.o
  AR      drivers/misc/mediatek/boot/built-in.o
  CC      drivers/misc/mediatek/boot_reason/mtk_boot_reason.o
  CC      drivers/of/of_reserved_mem.o
  CC      drivers/misc/mediatek/base/power/cpufreq_v1/src/mach/mt6785/mtk_cpufreq_platform.o
In file included from ../drivers/net/wireguard/main.c:7:
../drivers/net/wireguard/device.h:66:9: warning: 'skb_list_walk_safe' macro redefined [-Wmacro-redefined]
   66 | #define skb_list_walk_safe(first, skb, next)                                   \
      |         ^
../include/linux/skbuff.h:1355:9: note: previous definition is here
 1355 | #define skb_list_walk_safe(first, skb, next_skb)                               \
      |         ^
1 warning generated.
  AR      net/netfilter/netfilter.o
In file included from ../drivers/net/wireguard/noise.c:7:
../drivers/net/wireguard/device.h:66:9: warning: 'skb_list_walk_safe' macro redefined [-Wmacro-redefined]
   66 | #define skb_list_walk_safe(first, skb, next)                                   \
      |         ^
../include/linux/skbuff.h:1355:9: note: previous definition is here
 1355 | #define skb_list_walk_safe(first, skb, next_skb)                               \
      |         ^
  AR      net/netfilter/nf_conntrack.o
  CC      drivers/net/wireguard/device.o
  CC      fs/verity/verify.o
../drivers/misc/mediatek/gud/Makefile.include:2: "CONFIG_MTK_PLATFORM: "mt6785""
../drivers/misc/mediatek/gud/Makefile.include:3: "CONFIG_TRUSTONIC_TEE_VERSION: "500""
1 warning generated.
  CC      drivers/mmc/host/mediatek/ComboA/sd.o
  CC      drivers/media/rc/keymaps/rc-norwood.o
  CC      drivers/media/rc/keymaps/rc-npgtech.o
  AR      drivers/misc/mediatek/boot_reason/BOOT_REASON.o
  AR      drivers/misc/mediatek/base/power/cpufreq_v1/src/mach/mt6785/built-in.o
  AR      drivers/misc/mediatek/boot_reason/built-in.o
  AR      drivers/misc/mediatek/base/power/cpufreq_v1/src/mach/built-in.o
  CC      drivers/mmc/core/mmc_crypto.o
  AR      net/netfilter/nf_conntrack_h323.o
  AR      drivers/misc/mediatek/base/power/cpufreq_v1/src/built-in.o
  CC      fs/proc/kmsg.o
  AR      drivers/misc/mediatek/base/power/cpufreq_v1/built-in.o
  AR      net/netfilter/nf_nat.o
  CC      drivers/misc/mediatek/btif/common/mtk_btif.o
  CC      net/ipv4/tcp_nv.o
  AR      net/netfilter/built-in.o
  CC      drivers/misc/mediatek/base/power/cpuhotplug/mtk_cpuhp_core.o
  AR      drivers/of/built-in.o
  CC      drivers/media/rc/keymaps/rc-pctv-sedna.o
  CC      drivers/media/rc/keymaps/rc-pinnacle-color.o
In file included from ../drivers/net/wireguard/device.c:6:
In file included from ../drivers/net/wireguard/queueing.h:9:
In file included from ../drivers/net/wireguard/peer.h:9:
../drivers/net/wireguard/device.h:66:9: warning: 'skb_list_walk_safe' macro redefined [-Wmacro-redefined]
   66 | #define skb_list_walk_safe(first, skb, next)                                   \
      |         ^
../include/linux/skbuff.h:1355:9: note: previous definition is here
 1355 | #define skb_list_walk_safe(first, skb, next_skb)                               \
      |         ^
  CC      drivers/phy/phy-core.o
  CC      drivers/pinctrl/core.o
1 warning generated.
  CC      fs/verity/signature.o
  CC      drivers/net/wireguard/peer.o
../drivers/mmc/host/mediatek/ComboA/sd.c:4457:16: warning: unused variable 'flags' [-Wunused-variable]
 4457 |         unsigned long flags;
      |                       ^~~~~
  CC      fs/proc/page.o
  CC      drivers/media/rc/ir-jvc-decoder.o
  CC      drivers/media/rc/keymaps/rc-pinnacle-grey.o
  CC      drivers/misc/mediatek/base/power/cpuhotplug/mtk_cpuhp_ppm.o
  CC      drivers/mmc/core/crypto.o
  AR      fs/verity/built-in.o
  CC      fs/signalfd.o
  CC      net/ipv4/tcp_veno.o
  AR      fs/proc/proc.o
  CC      drivers/media/rc/keymaps/rc-pinnacle-pctv-hd.o
  AR      drivers/phy/broadcom/built-in.o
  CC      drivers/misc/mediatek/base/power/cpuhotplug/mtk_cpuhp_platform.o
  AR      fs/proc/built-in.o
  CC      fs/timerfd.o
  AR      drivers/phy/hisilicon/built-in.o
  AR      drivers/misc/mediatek/base/power/cpuhotplug/built-in.o
  CC      drivers/pinctrl/pinctrl-utils.o
  CC      drivers/mmc/host/sdInfo/sdinfo.o
In file included from ../drivers/net/wireguard/peer.c:6:
In file included from ../drivers/net/wireguard/peer.h:9:
../drivers/net/wireguard/device.h:66:9: warning: 'skb_list_walk_safe' macro redefined [-Wmacro-redefined]
   66 | #define skb_list_walk_safe(first, skb, next)                                   \
      |         ^
../include/linux/skbuff.h:1355:9: note: previous definition is here
 1355 | #define skb_list_walk_safe(first, skb, next_skb)                               \
      |         ^
1 warning generated.
  CC      drivers/misc/mediatek/btif/common/mtk_btif_exp.o
  CC      drivers/misc/mediatek/base/power/cpuidle_v3/mtk_cpuidle.o
  AR      drivers/phy/marvell/built-in.o
drivers/mmc/host/sdInfo/.tmp_sdinfo.o: no symbols
  AR      drivers/mmc/host/sdInfo/built-in.o
  CC      drivers/phy/mediatek/phy-mtk.o
  CC      drivers/mmc/host/cmdq_hci.o
1 warning generated.
  CC      drivers/net/wireguard/timers.o
  AR      drivers/mmc/core/mmc_core.o
  AR      drivers/mmc/core/mmc_block.o
  CC      drivers/media/rc/keymaps/rc-pixelview.o
  AR      drivers/mmc/core/built-in.o
  CC      drivers/misc/mediatek/base/power/dcm_v1/mt6785/mtk_dcm_autogen.o
  CC      drivers/mmc/host/mediatek/ComboA/dbg.o
  CC      fs/eventfd.o
  CC      fs/userfaultfd.o
  AR      drivers/misc/mediatek/base/power/cpuidle_v3/built-in.o
  CC      drivers/pinctrl/pinmux.o
  CC      drivers/misc/mediatek/base/power/drcc_v1/mt6785/mtk_drcc.o
  CC      drivers/media/rc/keymaps/rc-pixelview-mk12.o
  CC      drivers/phy/mediatek/phy-mtk-mt6785.o
  CC      net/ipv4/tcp_scalable.o
  CC      drivers/misc/mediatek/btif/common/btif_dma_plat.o
In file included from ../drivers/net/wireguard/timers.c:7:
../drivers/net/wireguard/device.h:66:9: warning: 'skb_list_walk_safe' macro redefined [-Wmacro-redefined]
   66 | #define skb_list_walk_safe(first, skb, next)                                   \
      |         ^
../include/linux/skbuff.h:1355:9: note: previous definition is here
 1355 | #define skb_list_walk_safe(first, skb, next_skb)                               \
      |         ^
1 warning generated.
  CC      drivers/misc/mediatek/base/power/dcm_v1/mt6785/mtk_dcm_internal.o
../drivers/mmc/host/mediatek/ComboA/dbg.c:2615:4: warning: misleading indentation; statement is not part of the previous 'if' [-Wmisleading-indentation]
 2615 |                         host = mtk_msdc_host[id];
      |                         ^
../drivers/mmc/host/mediatek/ComboA/dbg.c:2612:3: note: previous statement is here
 2612 |                 if (id >= HOST_MAX_NUM || id < 0)
      |                 ^
  CC      drivers/net/wireguard/queueing.o
  CC      drivers/media/rc/keymaps/rc-pixelview-002t.o
  CC      drivers/mmc/host/cqhci-crypto.o
  CC      drivers/pinctrl/pinconf.o
1 warning generated.
  AR      drivers/phy/mediatek/built-in.o
  AR      drivers/misc/mediatek/base/power/drcc_v1/mt6785/built-in.o
  AR      drivers/phy/motorola/built-in.o
  AR      drivers/misc/mediatek/base/power/drcc_v1/built-in.o
  AR      drivers/phy/qualcomm/built-in.o
  CC      drivers/misc/mediatek/base/power/dvfsrc/dvfsrc-boost-driver.o
  AR      drivers/phy/ralink/built-in.o
  AR      drivers/phy/samsung/built-in.o
  CC      drivers/media/rc/keymaps/rc-pixelview-new.o
  CC      drivers/mmc/host/mediatek/ComboA/mtk_sd_misc.o
  AR      drivers/phy/st/built-in.o
  AR      drivers/phy/ti/built-in.o
  CC      fs/aio.o
  CC      drivers/media/rc/keymaps/rc-powercolor-real-angel.o
  AR      drivers/phy/built-in.o
  CC      drivers/misc/mediatek/btif/common/btif_plat.o
  CC      drivers/pinctrl/devicetree.o
  AR      drivers/misc/mediatek/base/power/dcm_v1/mt6785/built-in.o
  AR      drivers/misc/mediatek/base/power/dcm_v1/built-in.o
  AR      drivers/platform/built-in.o
  CC      net/ipv4/tcp_lp.o
  CC      drivers/misc/mediatek/base/power/eem_v2/mt6785/mtk_eem.o
  CC      drivers/power/oplus/adapter_ic/oplus_stm.o
  CC      drivers/net/wireguard/send.o
In file included from ../drivers/net/wireguard/queueing.c:6:
In file included from ../drivers/net/wireguard/queueing.h:9:
In file included from ../drivers/net/wireguard/peer.h:9:
../drivers/net/wireguard/device.h:66:9: warning: 'skb_list_walk_safe' macro redefined [-Wmacro-redefined]
   66 | #define skb_list_walk_safe(first, skb, next)                                   \
      |         ^
../include/linux/skbuff.h:1355:9: note: previous definition is here
 1355 | #define skb_list_walk_safe(first, skb, next_skb)                               \
      |         ^
  AR      drivers/misc/mediatek/base/power/dvfsrc/built-in.o
  CC      drivers/media/rc/keymaps/rc-proteus-2309.o
1 warning generated.
  CC      drivers/misc/mediatek/base/power/leakage_table_v2/mtk_static_power.o
  CC      drivers/media/rc/keymaps/rc-purpletv.o
  CC      drivers/net/wireguard/receive.o
  CC      drivers/pinctrl/pinconf-generic.o
  AR      drivers/misc/mediatek/btif/common/btif.o
  AR      drivers/misc/mediatek/btif/common/built-in.o
  AR      drivers/misc/mediatek/btif/built-in.o
  CC      drivers/media/rc/keymaps/rc-pv951.o
  CC      drivers/misc/mediatek/c2k_usb/f_rawbulk.o
  CC      drivers/media/rc/keymaps/rc-hauppauge.o
  CC      drivers/misc/mediatek/base/power/leakage_table_v2/mtk_static_power_mt6785.o
  CC      net/ipv4/tcp_yeah.o
In file included from ../drivers/net/wireguard/send.c:6:
In file included from ../drivers/net/wireguard/queueing.h:9:
In file included from ../drivers/net/wireguard/peer.h:9:
../drivers/net/wireguard/device.h:66:9: warning: 'skb_list_walk_safe' macro redefined [-Wmacro-redefined]
   66 | #define skb_list_walk_safe(first, skb, next)                                   \
      |         ^
../include/linux/skbuff.h:1355:9: note: previous definition is here
 1355 | #define skb_list_walk_safe(first, skb, next_skb)                               \
      |         ^
  AR      drivers/misc/mediatek/base/power/leakage_table_v2/built-in.o
  CC      drivers/media/rc/keymaps/rc-rc6-mce.o
  AR      drivers/power/oplus/adapter_ic/built-in.o
  CC      drivers/power/oplus/charger_ic/oplus_mp2650.o
  CC      drivers/media/rc/keymaps/rc-real-audio-220-32-keys.o
In file included from ../drivers/net/wireguard/receive.c:6:
In file included from ../drivers/net/wireguard/queueing.h:9:
In file included from ../drivers/net/wireguard/peer.h:9:
../drivers/net/wireguard/device.h:66:9: warning: 'skb_list_walk_safe' macro redefined [-Wmacro-redefined]
   66 | #define skb_list_walk_safe(first, skb, next)                                   \
      |         ^
../include/linux/skbuff.h:1355:9: note: previous definition is here
 1355 | #define skb_list_walk_safe(first, skb, next_skb)                               \
      |         ^
  CC      drivers/mmc/host/mediatek/ComboA/msdc_tune.o
  CC      drivers/media/rc/keymaps/rc-reddo.o
1 warning generated.
  CC      drivers/net/wireguard/socket.o
  CC      fs/locks.o
  AR      drivers/pinctrl/bcm/built-in.o
  AR      drivers/pinctrl/freescale/built-in.o
  CC      drivers/pinctrl/mediatek/mtk-eint.o
1 warning generated.
  CC      drivers/net/wireguard/peerlookup.o
  CC      drivers/media/rc/keymaps/rc-snapstream-firefly.o
  CC      drivers/misc/mediatek/c2k_usb/rawbulk.o
  CC      drivers/net/wireguard/allowedips.o
  CC      drivers/media/rc/keymaps/rc-streamzap.o
../drivers/mmc/host/mediatek/ComboA/msdc_tune.c:37:36: warning: unused variable 'base_top' [-Wunused-variable]
   37 |         void __iomem *base = host->base, *base_top = host->base_top;
      |                                           ^~~~~~~~
../drivers/mmc/host/mediatek/ComboA/msdc_tune.c:44:16: warning: unused variable 'base' [-Wunused-variable]
   44 |         void __iomem *base = host->base, *base_top = host->base_top;
      |                       ^~~~
../drivers/mmc/host/mediatek/ComboA/msdc_tune.c:75:16: warning: unused variable 'base' [-Wunused-variable]
   75 |         v../drivers/pinctrl/mediatek/mtk-eint.coi:d119 :_6_:i owarning: mmixing declarations and code is a C99 extension [-Wdeclaration-after-statement]e
m *base = host->base, *base_t  o119p |          =u 3h2o smta-s>kb a=s eB_ItTo(pd;-
>      h| w                      ^~~~i
rq & 0x1f);
      |             ^
../drivers/mmc/host/mediatek/ComboA/msdc_tune.c:165:36: warning: unused variable 'base_top' [-Wunused-variable]
  165 |         void __iomem *base = host->base, *base_top = host->base_top;
      |                                           ^~~~~~~~
  CC      drivers/misc/mediatek/base/power/eem_v2/mt6785/mtk_eem_platform.o
  CC      net/ipv4/tcp_illinois.o
4 warnings generated.
1 warning generated.
  CC      drivers/mmc/host/mediatek/ComboA/msdc_partition.o
  CC      drivers/pinctrl/mediatek/pinctrl-paris.o
  CC      drivers/media/rc/keymaps/rc-tbs-nec.o
In file included from ../drivers/net/wireguard/socket.c:6:
../drivers/net/wireguard/device.h:66:9: warning: 'skb_list_walk_safe' macro redefined [-Wmacro-redefined]
   66 | #define skb_list_walk_safe(first, skb, next)                                   \
      |         ^
../include/linux/skbuff.h:1355:9: note: previous definition is here
 1355 | #define skb_list_walk_safe(first, skb, next_skb)                               \
      |         ^
  CC      drivers/media/rc/keymaps/rc-technisat-ts35.o
1 warning generated.
  CC      drivers/net/wireguard/ratelimiter.o
In file included from ../drivers/net/wireguard/peerlookup.c:7:
In file included from ../drivers/net/wireguard/peer.h:9:
../drivers/net/wireguard/device.h:66:9: warning: 'skb_list_walk_safe' macro redefined [-Wmacro-redefined]
   66 | #define skb_list_walk_safe(first, skb, next)                                   \
      |         ^
../include/linux/skbuff.h:1355:9: note: previous definition is here
 1355 | #define skb_list_walk_safe(first, skb, next_skb)                               \
      |         ^
1 warning generated.
In file included from ../drivers/net/wireguard/allowedips.c:7:
In file included from ../drivers/net/wireguard/peer.h:9:
../drivers/net/wireguard/device.h:66:9: warning: 'skb_list_walk_safe' macro redefined [-Wmacro-redefined]
   66 | #define skb_list_walk_safe(first, skb, next)                                   \
      |         ^
../include/linux/skbuff.h:1355:9: note: previous definition is here
 1355 | #define skb_list_walk_safe(first, skb, next_skb)                               \
      |         ^
  CC      drivers/media/rc/keymaps/rc-technisat-usb2.o
  CC      drivers/misc/mediatek/base/power/eem_v2/mt6785/mtk_eem_internal.o
  AR      drivers/misc/mediatek/cache-auditor/built-in.o
  CC      drivers/misc/mediatek/c2k_usb/rawbulk_transfer.o
  CC      drivers/power/oplus/charger_ic/oplus_da9313.o
  CC      drivers/misc/mediatek/cam_cal/src/mt6785/../common/v1/eeprom_driver.o
1 warning generated.
  CC      drivers/media/rc/keymaps/rc-terratec-cinergy-c-pci.o
  CC      drivers/net/wireguard/cookie.o
  CC      drivers/pinctrl/mediatek/pinctrl-mtk-common-v2.o
  CC      fs/compat.o
  CC      drivers/media/rc/keymaps/rc-terratec-cinergy-s2-hd.o
  CC      drivers/misc/mediatek/base/power/eem_v2/mt6785/mtk_eem_api.o
  CC      net/ipv4/xfrm4_policy.o
  CC      drivers/mmc/host/mediatek/ComboA/autok.o
  CC      drivers/mmc/host/mediatek/ComboA/mt6785/msdc_cust.o
  CC      drivers/net/wireguard/netlink.o
  CC      drivers/pinctrl/mediatek/pinctrl-mtk-common-v2_debug.o
  CC      drivers/misc/mediatek/cam_cal/src/mt6785/../common/v1/eeprom_i2c_common_driver.o
  CC      drivers/media/rc/keymaps/rc-terratec-cinergy-xs.o
drivers/misc/mediatek/base/power/eem_v2/mt6785/.tmp_mtk_eem_api.o: no symbols
  CC      fs/compat_ioctl.o
  AR      drivers/misc/mediatek/base/power/eem_v2/mt6785/built-in.o
  AR      drivers/misc/mediatek/base/power/eem_v2/built-in.o
In file included from ../drivers/net/wireguard/cookie.c:7:
In file included from ../drivers/net/wireguard/peer.h:9:
../drivers/net/wireguard/device.h:66:9: warning: 'skb_list_walk_safe' macro redefined [-Wmacro-redefined]
   66 | #define skb_list_walk_safe(first, skb, next)                                   \
      |         ^
../include/linux/skbuff.h:1355:9: note: previous definition is here
 1355 | #define skb_list_walk_safe(first, skb, next_skb)                               \
      |         ^
1 warning generated.
  CC      drivers/misc/mediatek/base/power/mcdi/mtk_mcdi_governor.o
  CC      drivers/misc/mediatek/base/power/mcdi/mtk_mcdi_governor_lib.o
../drivers/mmc/host/mediatek/ComboA/autok.c:3527:15: warning: unused variable 'uDatEdge' [-Wunused-variable]
 3527 |         unsigned int uDatEdge = 0;
      |                      ^~~~~~~~
  AR      drivers/misc/mediatek/c2k_usb/c2k_usb.o
  CC      drivers/media/rc/keymaps/rc-terratec-slim.o
  AR      drivers/misc/mediatek/c2k_usb/built-in.o
  CC      drivers/misc/mediatek/camera_ldo/camera_ldo.o
  CC      drivers/pinctrl/mediatek/pinctrl-mt6785.o
  CC      drivers/power/oplus/charger_ic/oplus_usbtemp.o
  CC      drivers/misc/mediatek/cam_cal/src/mt6785/eeprom_i2c_custom_driver.o
  CC      net/ipv4/xfrm4_state.o
In file included from ../drivers/net/wireguard/netlink.c:7:
../drivers/net/wireguard/device.h:66:9: warning: 'skb_list_walk_safe' macro redefined [-Wmacro-redefined]
   66 | #define skb_list_walk_safe(first, skb, next)                                   \
      |         ^
../include/linux/skbuff.h:1355:9: note: previous definition is here
 1355 | #define skb_list_walk_safe(first, skb, next_skb)                               \
      |         ^
  CC      drivers/misc/mediatek/base/power/mcdi/mtk_mcdi_governor_hint.o
  CC      drivers/misc/mediatek/base/power/mcdi/mtk_mcdi_api.o
  CC      drivers/media/rc/keymaps/rc-terratec-slim-2.o
  CC      drivers/mmc/host/mediatek/ComboA/mt6785/autok_dvfs.o
1 warning generated.
  CC      drivers/misc/mediatek/base/power/mcdi/mcdi_v1/mtk_mcdi_main.o
  CC      drivers/net/wireguard/crypto/zinc/chacha20/chacha20.o
  AR      drivers/misc/mediatek/camera_ldo/built-in.o
  CC      drivers/misc/mediatek/cameraisp/dip/cameradip_dummy.o
  AR      drivers/pinctrl/mediatek/built-in.o
drivers/misc/mediatek/cameraisp/dip/.tmp_cameradip_dummy.o: no symbols
  CC      drivers/misc/mediatek/cam_cal/src/mt6785/cam_cal_list.o
..
  CC      drivers/misc/mediatek/cameraisp/dip/isp_50/camera_dip.o
  AR      drivers/pinctrl/mvebu/built-in.o
  AR      drivers/pinctrl/nomadik/built-in.o
  AR      drivers/pinctrl/sprd/built-in.o
  AR      drivers/pinctrl/ti/built-in.o
  CC      drivers/media/rc/keymaps/rc-tevii-nec.o
  AR      drivers/pinctrl/built-in.o
..
  CC      drivers/misc/mediatek/cameraisp/dpe/cameradpe_dummy.o
  AR      drivers/ptp/built-in.o
drivers/misc/mediatek/cameraisp/dpe/.tmp_cameradpe_dummy.o: no symbols
  CC      drivers/misc/mediatek/cameraisp/dpe/isp_50/camera_dpe.o
  AR      drivers/pwm/built-in.o
  CC      drivers/regulator/core.o
  CC      net/ipv4/xfrm4_input.o
  CC      drivers/misc/mediatek/base/power/mcdi/mcdi_v1/mtk_mcdi_util.o
  CC      drivers/misc/mediatek/cam_cal/src/mt6785/eeprom_i2c_dev.o
1 warning generated.
  CC      drivers/media/rc/keymaps/rc-tivo.o
  AR      drivers/misc/mediatek/cam_cal/src/mt6785/built-in.o
  AR      drivers/misc/mediatek/cam_cal/src/built-in.o
  CC      drivers/misc/mediatek/ccci_util/ccci_util_lib_fo.o
  CC      fs/binfmt_script.o
  CC      drivers/power/oplus/charger_ic/oplus_battery_mtk6785R.o
  PERLASM drivers/net/wireguard/crypto/zinc/chacha20/chacha20-arm64.S
  CC      drivers/misc/mediatek/ccci_util/ccci_util_lib_load_img.o
  CC      drivers/mmc/host/mediatek/ComboA/sw-cqhci-crypto.o
  CC      drivers/misc/mediatek/base/power/mcdi/mcdi_v1/mtk_mcdi_profile.o
  CC      drivers/net/wireguard/crypto/zinc/poly1305/poly1305.o
  CC      drivers/media/rc/keymaps/rc-total-media-in-hand.o
  CC      fs/binfmt_elf.o
  CC      drivers/media/rc/keymaps/rc-total-media-in-hand-02.o
  AR      drivers/misc/mediatek/cameraisp/dpe/built-in.o
FDVT: Drv use 5.0 folder
  CC      drivers/misc/mediatek/cameraisp/fdvt/fdvt_dummy.o
  CC      drivers/misc/mediatek/base/power/mcdi/mcdi_v1/mtk_mcdi_cpc.o
  AR      drivers/mmc/host/mediatek/ComboA/msdc.o
drivers/misc/mediatek/cameraisp/fdvt/.tmp_fdvt_dummy.o: no symbols
  CC      drivers/misc/mediatek/ccci_util/ccci_util_lib_sys.o
  AR      drivers/mmc/host/mediatek/ComboA/built-in.o
  CC      drivers/misc/mediatek/cameraisp/fdvt/5.0/camera_fdvt.o
  AR      drivers/mmc/host/mediatek/built-in.o
  CC      net/ipv4/xfrm4_output.o
  AR      drivers/mmc/host/built-in.o
  AR      drivers/mmc/built-in.o
  CC      drivers/remoteproc/remoteproc_core.o
  CC      drivers/regulator/dummy.o
  PERLASM drivers/net/wireguard/crypto/zinc/poly1305/poly1305-arm64.S
  CC      drivers/net/wireguard/crypto/zinc/chacha20poly1305.o
  CC      drivers/misc/mediatek/ccci_util/ccci_private_log.o
  CC      drivers/media/rc/keymaps/rc-trekstor.o
  CC      drivers/misc/mediatek/base/power/mcdi/mcdi_v1/mtk_mcdi_mcupm.o
  AR      drivers/misc/mediatek/cameraisp/dip/isp_50/built-in.o
  AR      drivers/misc/mediatek/cameraisp/dip/built-in.o
..
  CC      drivers/media/rc/keymaps/rc-tt-1500.o
  CC      drivers/misc/mediatek/ccci_util/ccci_util_lib_time.o
  CC      drivers/misc/mediatek/cameraisp/mfb/camera_mfb_dummy.o
  CC      fs/compat_binfmt_elf.o
drivers/misc/mediatek/cameraisp/mfb/.tmp_camera_mfb_dummy.o: no symbols
  CC      drivers/misc/mediatek/cameraisp/mfb/isp_50/camera_mfb.o
  CC      drivers/regulator/fixed-helper.o
  AR      drivers/misc/mediatek/base/power/mcdi/mcdi_v1/built-in.o
  CC      drivers/misc/mediatek/base/power/mcdi/mt6785/mtk_mcdi_plat.o
  CC      drivers/media/rc/keymaps/rc-twinhan-dtv-cab-ci.o
  AR      drivers/misc/mediatek/cameraisp/fdvt/5.0/built-in.o
  AR      drivers/misc/mediatek/cameraisp/fdvt/built-in.o
  CC      drivers/remoteproc/remoteproc_debugfs.o
..
  CC      drivers/misc/mediatek/cameraisp/owe/camera_owe_dummy.o
  AR      drivers/net/wireless/admtek/built-in.o
  CC      drivers/misc/mediatek/ccci_util/ccci_util_lib_main.o
drivers/misc/mediatek/cameraisp/owe/.tmp_camera_owe_dummy.o: no symbols
  CC      drivers/regulator/helpers.o
  CC      drivers/misc/mediatek/cameraisp/owe/mt6785/camera_owe.o
  AR      drivers/net/wireless/ath/built-in.o
  CC      drivers/net/wireguard/crypto/zinc/blake2s/blake2s.o
  CC      net/ipv4/xfrm4_protocol.o
  AR      drivers/net/wireless/atmel/built-in.o
  AR      drivers/net/wireless/broadcom/built-in.o
  CC      drivers/power/oplus/charger_ic/oplus_short_ic.o
  AR      drivers/net/wireless/cisco/built-in.o
  CC      drivers/misc/mediatek/base/power/mcdi/mt6785/mtk_mcdi_state.o
  AR      drivers/net/wireless/intel/built-in.o
  CC      drivers/media/rc/keymaps/rc-twinhan1027.o
  AR      drivers/net/wireless/intersil/built-in.o
  CC      fs/mbcache.o
  AR      drivers/net/wireless/marvell/built-in.o
  AR      drivers/net/wireless/mediatek/built-in.o
  AR      drivers/misc/mediatek/cameraisp/mfb/built-in.o
  AR      drivers/net/wireless/quantenna/built-in.o
  CC      drivers/remoteproc/remoteproc_sysfs.o
..
  CC      drivers/misc/mediatek/cameraisp/pda/camera_pda_dummy.o
  AR      drivers/net/wireless/ralink/built-in.o
  AR      drivers/misc/mediatek/base/power/mcdi/mt6785/built-in.o
drivers/misc/mediatek/cameraisp/pda/.tmp_camera_pda_dummy.o: no symbols
  AR      drivers/misc/mediatek/base/power/mcdi/built-in.o
  AR      drivers/misc/mediatek/cameraisp/pda/built-in.o
  AR      drivers/net/wireless/realtek/built-in.o
..
  CC      drivers/misc/mediatek/cameraisp/rsc/camera_rsc_dummy.o
  CC      drivers/misc/mediatek/base/power/mdpm_v2/mtk_mdpm_common.o
  AR      drivers/net/wireless/rsi/built-in.o
  CC      drivers/misc/mediatek/ccci_util/ccci_util_ld_md_errno.o
  CC      drivers/regulator/devres.o
  CC      drivers/media/rc/keymaps/rc-videomate-m1f.o
drivers/misc/mediatek/cameraisp/rsc/.tmp_camera_rsc_dummy.o: no symbols
  CC      drivers/misc/mediatek/cameraisp/rsc/engine_request.o
  AR      drivers/net/wireless/st/built-in.o
  CC      drivers/misc/mediatek/ccci_util/ccci_util_broadcast.o
  AR      drivers/net/wireless/ti/built-in.o
  AR      drivers/net/wireless/zydas/built-in.o
  AR      drivers/net/wireless/built-in.o
  CC      drivers/net/ifb.o
  CC      drivers/remoteproc/remoteproc_virtio.o
  CC      fs/posix_acl.o
  AR      drivers/misc/mediatek/cameraisp/owe/built-in.o
  CC      drivers/media/rc/keymaps/rc-videomate-s350.o
  AR      drivers/power/oplus/charger_ic/built-in.o
  CC      drivers/misc/mediatek/cameraisp/src/cameraisp_dummy.o
  CC      drivers/misc/mediatek/cameraisp/rsc/mt6785/camera_rsc.o
  CC      drivers/misc/mediatek/base/power/mdpm_v2/mt6785/mtk_mdpm_platform.o
  CC      drivers/power/oplus/gauge_ic/oplus_bq27541.o
drivers/misc/mediatek/cameraisp/src/.tmp_cameraisp_dummy.o: no symbols
  CC      drivers/misc/mediatek/cameraisp/src/mt6785/camera_isp.o
  AR      net/ipv4/gre.o
  CC      drivers/net/wireguard/crypto/zinc/curve25519/curve25519.o
  CC      drivers/regulator/of_regulator.o
  AR      net/ipv4/built-in.o
  AR      net/built-in.o
  CC      drivers/misc/mediatek/ccci_util/ccci_util_pin_broadcast.o
  CC      drivers/misc/mediatek/cameraisp/src/mt6785/cam_qos.o
  CC      drivers/media/rc/keymaps/rc-videomate-tv-pvr.o
  CC      drivers/remoteproc/remoteproc_elf_loader.o
  CC      drivers/net/mii.o
  AR      drivers/misc/mediatek/base/power/mdpm_v2/mt6785/built-in.o
  AR      drivers/misc/mediatek/base/power/mdpm_v2/built-in.o
*GPU CONFIG_MTK_FREQ_HOPPING = y
*GPU MT_GPUFREQ_BRINGUP = 0
*GPU MT_GPUFREQ_GED_READY = 1
*GPU MT_GPUFREQ_KICKER_PBM_READY = 1
*GPU MT_GPUFREQ_STATIC_PWR_READY2USE = 1
*GPU MT_GPUFREQ_LOW_BATT_VOLT_PROTECT = 1
*GPU MT_GPUFREQ_BATT_PERCENT_PROTECT = 1
*GPU MT_GPUFREQ_BATT_OC_PROTECT = 1
*GPU MT_GPUFREQ_DYNAMIC_POWER_TABLE_UPDATE = 1
*GPU MT_GPUFREQ_SETTLE_TIME_PROFILE = 0
  CC      drivers/misc/mediatek/base/power/mt6785/mtk_gpufreq_core.o
  CC      fs/coredump.o
  CC      drivers/media/rc/keymaps/rc-winfast.o
  CC      drivers/net/Space.o
  CC      drivers/misc/mediatek/ccci_util/ccci_util_sib.o
  AR      drivers/misc/mediatek/cameraisp/rsc/built-in.o
  CC      drivers/regulator/mt6359-regulator.o
  AR      drivers/remoteproc/remoteproc.o
..
  CC      drivers/misc/mediatek/cameraisp/tsf/camera_tsf_dummy.o
  AR      drivers/remoteproc/built-in.o
drivers/misc/mediatek/cameraisp/tsf/.tmp_camera_tsf_dummy.o: no symbols
  AR      drivers/misc/mediatek/cameraisp/tsf/built-in.o
  CC      drivers/rtc/rtc-lib.o
  CC      drivers/misc/mediatek/cameraisp/wpe/camerawpe_dummy.o
drivers/misc/mediatek/cameraisp/wpe/.tmp_camerawpe_dummy.o: no symbols
  CC      drivers/media/rc/keymaps/rc-winfast-usbii-deluxe.o
  CC      drivers/misc/mediatek/cameraisp/wpe/isp_50/camera_wpe.o
  AS      drivers/net/wireguard/crypto/zinc/chacha20/chacha20-arm64.o
  AS      drivers/net/wireguard/crypto/zinc/poly1305/poly1305-arm64.o
  AR      drivers/net/wireguard/wireguard.o
  AR      drivers/net/wireguard/built-in.o
  CC      drivers/net/loopback.o
  CC      drivers/net/tun.o
  CC      drivers/power/oplus/vooc_ic/oplus_n76e.o
  CC      drivers/misc/mediatek/ccci_util/ccci_util_md_rat.o
  CC      drivers/media/rc/keymaps/rc-su3000.o
  AR      drivers/regulator/built-in.o
  AR      drivers/power/oplus/gauge_ic/built-in.o
  CC      fs/drop_caches.o
  CC      drivers/rtc/hctosys.o
  CC      drivers/power/oplus/voocphy/oplus_sc8547.o
  CC      drivers/scsi/scsi.o
  CC      drivers/misc/mediatek/base/power/mt6785/mtk_picachu.o
  CC      drivers/media/rc/keymaps/rc-zx-irdec.o
  CC      drivers/rtc/class.o
  CC      drivers/net/veth.o
  CC      fs/dcookies.o
  AR      drivers/misc/mediatek/cameraisp/wpe/isp_50/built-in.o
  AR      drivers/media/rc/keymaps/built-in.o
  CC      drivers/media/rc/ir-sony-decoder.o
  CC      drivers/misc/mediatek/ccci_util/ccci_util_dummy.o
  AR      drivers/misc/mediatek/cameraisp/wpe/built-in.o
  AR      drivers/misc/mediatek/cameraisp/src/mt6785/built-in.o
  AR      drivers/misc/mediatek/cameraisp/src/built-in.o
  CC      drivers/rtc/interface.o
  AR      drivers/misc/mediatek/cameraisp/built-in.o
  CC      drivers/power/oplus/vooc_ic/oplus_vooc_fw.o
  CC      drivers/rtc/nvmem.o
  AR      drivers/misc/mediatek/base/power/mt6785/built-in.o
  CC      drivers/misc/mediatek/base/power/pbm_v4/mtk_pbm.o
  CC      drivers/scsi/hosts.o
  CC      drivers/power/oplus/voocphy/oplus_sc8547_slave.o
  CC      drivers/misc/mediatek/base/power/power_gs_v1/mt6785/mtk_power_gs_6359_array.o
  CC      drivers/media/rc/ir-sanyo-decoder.o
  AR      drivers/misc/mediatek/ccci_util/ccci_util_lib.o
  AR      fs/built-in.o
  CC      drivers/rtc/rtc-dev.o
  AR      drivers/misc/mediatek/ccci_util/built-in.o
  CC      drivers/misc/mediatek/ccmni/ccmni.o
  CC      drivers/power/oplus/vooc_ic/oplus_stm8s.o
  AR      drivers/misc/mediatek/base/power/pbm_v4/built-in.o
  CC      drivers/rtc/rtc-proc.o
  CC      drivers/rtc/rtc-sysfs.o
  CC      drivers/misc/mediatek/base/power/power_gs_v1/mt6785/mtk_cg_array.o
../drivers/misc/mediatek/ccu/src/Makefile:29: CCU_MAKE_FILE_CALLED
  CC      drivers/misc/mediatek/ccu/src/2.0/ccu_drv.o
  AR      drivers/net/built-in.o
  CC      drivers/media/rc/ir-sharp-decoder.o
  AR      drivers/soc/bcm/built-in.o
  AR      drivers/soc/fsl/built-in.o
  CC      drivers/rtc/rtc-mt6358.o
  CC      drivers/misc/mediatek/base/power/power_gs_v1/mt6785/mtk_dcm_array.o
  CC      drivers/soc/gemini/soc-gemini.o
  CC      drivers/scsi/scsi_ioctl.o
  CC      drivers/soc/mediatek/mtk-pmic-wrap.o
  AR      drivers/power/reset/built-in.o
  CC      drivers/power/supply/power_supply_core.o
  CC      drivers/power/oplus/voocphy/oplus_voocphy.o
  CC      drivers/misc/mediatek/base/power/power_gs_v1/mt6785/mtk_power_gs_sp.o
  AR      drivers/soc/gemini/built-in.o
  CC      drivers/media/rc/ir-mce_kbd-decoder.o
  CC      drivers/soc/oplus/device_info/device_info.o
  CC      drivers/power/oplus/vooc_ic/oplus_rk826.o
  CC      drivers/misc/mediatek/ccu/src/2.0/ccu_n3d_a.o
../drivers/soc/mediatek/mtk-pmic-wrap.c:3530:13: warning: unused function 'pwrap_irq_thread_init' [-Wunused-function]
 3530 | static void pwrap_irq_thread_init(void)
      |             ^~~~~~~~~~~~~~~~~~~~~
1 warning generated.
  AR      drivers/rtc/rtc-core.o
  CC      drivers/power/oplus/voocphy/oplus_sc8517.o
  AR      drivers/rtc/built-in.o
  CC      drivers/misc/mediatek/base/power/power_gs_v1/mt6785/mtk_power_gs_compare.o
  AR      drivers/misc/mediatek/ccmni/eccmni.o
  CC      drivers/spi/spi.o
  CC      drivers/power/supply/power_supply_sysfs.o
../drivers/soc/oplus/device_info/device_info.c:253:14: warning: unused variable 'page' [-Wunused-variable]
  253 |         char page[256] = {0};
      |              ^~~~
  AR      drivers/misc/mediatek/ccmni/built-in.o
../drivers/soc/oplus/device_info/device_info.c:645:37: warning: unused variable 'idle_val' [-Wunused-variable]
  645 |         int active_val = 0, sleep_val = 0, idle_val = 0;
      |                                            ^~~~~~~~
  CC      drivers/scsi/scsicam.o
../drivers/soc/oplus/device_info/device_info.c:266:13: warning: unused function 'recursive_fork_para_monitor' [-Wunused-function]
  266 | static void recursive_fork_para_monitor(void)
      |             ^~~~~~~~~~~~~~~~~~~~~~~~~~~
  CC      drivers/misc/mediatek/ccu/src/2.0/ccu_i2c.o
  CC      drivers/misc/mediatek/chip/mtk_chip_common.o
  CC      drivers/media/rc/ir-xmp-decoder.o
  CC      drivers/soc/mediatek/mtk-cmdq-helper.o
3 warnings generated.
  AR      drivers/soc/oplus/device_info/built-in.o
  AR      drivers/misc/mediatek/base/power/power_gs_v1/mt6785/built-in.o
  CC      drivers/misc/mediatek/base/power/power_gs_v1/mtk_power_gs.o
  CC      drivers/soc/oplus/oplus_als_cali_value/oplus_als_cali_value.o
  CC      drivers/power/supply/power_supply_leds.o
  AR      drivers/misc/mediatek/ccu/src/2.0/built-in.o
  AR      drivers/media/rc/rc-core.o
  AR      drivers/media/rc/built-in.o
  AR      drivers/media/built-in.o
  CC      drivers/misc/mediatek/ccu/src/mt6785/ccu_hw.o
  CC      drivers/misc/mediatek/chip/mt6785/mtk_chip.o
  CC      drivers/misc/mediatek/base/power/ppm_v3/src/mtk_ppm_main.o
  CC      drivers/scsi/scsi_error.o
  CC      drivers/power/oplus/vooc_ic/oplus_op10.o
  CC      drivers/power/supply/mediatek/battery/mtk_battery.o
  CC      drivers/soc/oplus/oplus_custom/oplus_custom.o
  CC      drivers/misc/mediatek/base/power/power_gs_v1/mtk_power_gs_api.o
  AR      drivers/soc/oplus/oplus_als_cali_value/built-in.o
  CC      drivers/soc/oplus/system/platform.o
  CC      drivers/soc/mediatek/mtk-socinfo.o
  AR      drivers/soc/oplus/system/misc/built-in.o
  CC      drivers/power/oplus/voocphy/oplus_sy6529.o
  CC      drivers/misc/mediatek/ccu/src/mt6785/ccu_reg.o
  AR      drivers/misc/mediatek/chip/mt6785/CHIP.o
  CC      drivers/soc/oplus/system/oplus_project/mtk/oplus_project.o
  AR      drivers/misc/mediatek/chip/mt6785/built-in.o
  AR      drivers/misc/mediatek/chip/CHIP_COMMON.o
  AR      drivers/misc/mediatek/chip/built-in.o
  CC      drivers/misc/mediatek/cirq/mtk_sys_cirq.o
  AR      drivers/soc/oplus/oplus_custom/built-in.o
  CC      drivers/spi/spi-mt65xx.o
  AR      drivers/soc/renesas/built-in.o
  AR      drivers/soc/mediatek/built-in.o
  AR      drivers/misc/mediatek/base/power/power_gs_v1/built-in.o
  CC      drivers/power/oplus/vooc_ic/oplus_rt5125.o
  CC      drivers/power/oplus/oplus_charger.o
  CC      drivers/misc/mediatek/base/power/qos/mtk_qos_ipi.o
  CC      drivers/misc/mediatek/base/power/ppm_v3/src/mtk_ppm_interface.o
  CC      drivers/misc/mediatek/ccu/src/mt6785/ccu_kd_mailbox.o
  CC      drivers/scsi/scsi_lib.o
  CC      drivers/misc/mediatek/base/power/qos/mtk_qos_main.o
  CC      drivers/power/supply/mediatek/charger/charger_class.o
../drivers/spi/spi-mt65xx.c:429:6: warning: unused variable 'spi_clk_hz' [-Wunused-variable]
  429 |         u32 spi_clk_hz, div, sck_time, cs_time, reg_val;
      |             ^~~~~~~~~~
1 warning generated.
  CC      drivers/spi/spi-mt65xx-dev.o
  CC      drivers/misc/mediatek/base/power/ppm_v3/src/mtk_ppm_api.o
  CC      drivers/misc/mediatek/ccu/src/mt6785/ccu_i2c_hw.o
  CC      drivers/power/oplus/voocphy/oplus_hl7138.o
  CC      drivers/soc/oplus/system/oplus_project/mtk/oplus_project_oldcdt.o
  CC      drivers/misc/mediatek/base/power/qos/mtk_qos_bound.o
  AR      drivers/misc/mediatek/cirq/built-in.o
  CC      drivers/misc/mediatek/ccu/src/mt6785/ccu_sw_ver.o
  CC      drivers/misc/mediatek/ccu/src/mt6785/ccu_imgsensor.o
  CC      drivers/misc/mediatek/base/power/ppm_v3/src/mtk_ppm_profile.o
  CC      drivers/power/supply/mediatek/charger/mtk_switch_charging.o
  AR      drivers/power/oplus/vooc_ic/built-in.o
  CC      drivers/power/oplus/oplus_gauge.o
  CC      drivers/power/supply/mediatek/misc/mtk_gauge_time_service.o
  AR      drivers/spi/built-in.o
  CC      drivers/misc/mediatek/ccu/src/mt6785/ccu_mva.o
  CC      drivers/misc/mediatek/base/power/ppm_v3/src/mtk_ppm_ipi.o
  CC      drivers/misc/mediatek/base/power/qos/mtk_qos_sram.o
  CC      drivers/power/supply/mediatek/battery/mtk_power_misc.o
  CC      drivers/staging/android/ion/ion.o
  AR      drivers/soc/oplus/system/oplus_project/built-in.o
  AR      drivers/soc/oplus/system/built-in.o
  CC      drivers/scsi/scsi_common.o
  AR      drivers/soc/built-in.o
  CC      drivers/tee/tee_core.o
  CC      drivers/misc/mediatek/base/power/qos/mtk_qos_sysfs.o
  CC      drivers/misc/mediatek/base/power/ppm_v3/src/mtk_ppm_cpi.o
  CC      drivers/scsi/scsi_lib_dma.o
  AR      drivers/power/oplus/voocphy/built-in.o
  CC      drivers/power/oplus/oplus_vooc.o
  AR      drivers/power/supply/mediatek/misc/built-in.o
../drivers/staging/android/ion/ion.c:125:17: warning: comparison of different enumeration types ('enum ion_heap_type' and 'enum mtk_ion_heap_type') [-Wenum-compare]
  125 |         if (heap->type == ION_HEAP_TYPE_MULTIMEDIA_SEC)
      |             ~~~~~~~~~~ ^  ~~~~~~~~~~~~~~~~~~~~~~~~~~~~
  CC      drivers/misc/mediatek/ccu/src/mt6785/ccu_qos.o
../drivers/staging/android/ion/ion.c:165:17: warning: comparison of different enumeration types ('enum ion_heap_type' and 'enum mtk_ion_heap_type') [-Wenum-compare]
  165 |         if (heap->type == ION_HEAP_TYPE_MULTIMEDIA_SEC) {
      |             ~~~~~~~~~~ ^  ~~~~~~~~~~~~~~~~~~~~~~~~~~~~
../drivers/staging/android/ion/ion.c:210:17: warning: comparison of different enumeration types ('enum ion_heap_type' and 'enum mtk_ion_heap_type') [-Wenum-compare]
  210 |         if (heap->type == ION_HEAP_TYPE_MULTIMEDIA_SEC)
      |             ~~~~~~~~~~ ^  ~~~~~~~~~~~~~~~~~~~~~~~~~~~~
../drivers/staging/android/ion/ion.c:363:17: warning: comparison of different enumeration types ('enum ion_heap_type' and 'enum mtk_ion_heap_type') [-Wenum-compare]
  363 |         if (heap->type == ION_HEAP_TYPE_MULTIMEDIA_SEC)
      |             ~~~~~~~~~~ ^  ~~~~~~~~~~~~~~~~~~~~~~~~~~~~
  CC      drivers/power/supply/mediatek/charger/mtk_pdc_intf.o
../drivers/staging/android/ion/ion.c:2206:14: warning: comparison of different enumeration types ('enum ion_heap_type' and 'enum mtk_ion_heap_type') [-Wenum-compare]
 2206 |                       type == ION_HEAP_TYPE_MULTIMEDIA ||
      |                       ~~~~ ^  ~~~~~~~~~~~~~~~~~~~~~~~~
../drivers/staging/android/ion/ion.c:2207:14: warning: comparison of different enumeration types ('enum ion_heap_type' and 'enum mtk_ion_heap_type') [-Wenum-compare]
 2207 |                       type == ION_HEAP_TYPE_MULTIMEDIA_SEC))) {
      |                       ~~~~ ^  ~~~~~~~~~~~~~~~~~~~~~~~~~~~~
  CC      drivers/misc/mediatek/base/power/spm/common/mtk_idle_fs/mtk_lp_kernfs.o
  AR      drivers/misc/mediatek/base/power/qos/built-in.o
  CC      drivers/misc/mediatek/base/power/spm/common/mtk_idle_fs/mtk_lp_sysfs.o
  CC      drivers/power/oplus/oplus_adapter.o
6 warnings generated.
  CC      drivers/power/supply/mediatek/battery/mtk_gauge_coulomb_service.o
  CC      drivers/misc/mediatek/base/power/ppm_v3/src/mtk_ppm_policy_dlpt.o
  CC      drivers/misc/mediatek/ccu/src/mt6785/ccu_ipc.o
  CC      drivers/staging/android/ion/ion-ioctl.o
  CC      drivers/power/oplus/oplus_wireless.o
  CC      drivers/power/oplus/oplus_short.o
  CC      drivers/misc/mediatek/base/power/spm/common/mtk_idle_fs/mtk_idle_sysfs.o
  CC      drivers/scsi/scsi_scan.o
  CC      drivers/tee/tee_shm.o
  CC      drivers/misc/mediatek/base/power/ppm_v3/src/mtk_ppm_policy_sys_boost.o
  CC      drivers/staging/android/ion/ion_heap.o
  CC      drivers/power/supply/mediatek/charger/mtk_chg_type_det.o
  AR      drivers/misc/mediatek/ccu/src/mt6785/built-in.o
  CC      drivers/power/oplus/oplus_debug_info.o
  CC      drivers/misc/mediatek/base/power/spm/common/mtk_idle_fs/mtk_lp_sysfs_procfs.o
  AR      drivers/misc/mediatek/ccu/src/built-in.o
  CC      drivers/power/oplus/oplus_chg_ops_manager.o
  CC      drivers/misc/mediatek/cmdq/mdp_sync/mdp_fence.o
  CC      drivers/power/supply/mediatek/battery/mtk_gauge_class.o
  CC      drivers/tee/tee_shm_pool.o
  CC      drivers/power/oplus/oplus_pps.o
  AR      drivers/misc/mediatek/base/power/spm/common/mtk_idle_fs/built-in.o
  CC      drivers/misc/mediatek/base/power/spm/common/mtk_idle.o
  CC      drivers/power/oplus/oplus_configfs.o
  CC      drivers/staging/android/ion/ion_page_pool.o
  AR      drivers/misc/mediatek/cmdq/mdp_sync/built-in.o
  CC      drivers/scsi/scsi_sysfs.o
../drivers/misc/mediatek/gud/Makefile.include:2: "CONFIG_MTK_PLATFORM: "mt6785""
../drivers/misc/mediatek/gud/Makefile.include:3: "CONFIG_TRUSTONIC_TEE_VERSION: "500""
  CC      drivers/misc/mediatek/cmdq/v3/cmdq_sec.o
  AR      drivers/tee/tee.o
  CC      drivers/power/supply/mediatek/charger/mtk_pe40_intf.o
  AR      drivers/tee/built-in.o
  CC      drivers/misc/mediatek/base/power/ppm_v3/src/mtk_ppm_policy_ptpod.o
  CC      drivers/power/oplus/charger_ic/s2asl01_switching.o
  CC      drivers/thermal/thermal_core.o
  CC      drivers/misc/mediatek/base/power/spm/common/mtk_idle_select.o
  CC      drivers/staging/android/ion/ion_system_heap.o
  CC      drivers/power/oplus/charger_ic/oplus_switching.o
  CC      drivers/misc/mediatek/base/power/ppm_v3/src/mtk_ppm_policy_pwr_thro.o
  CC      drivers/power/supply/mediatek/battery/mtk_battery_recovery.o
  CC      drivers/misc/mediatek/cmdq/v3/cmdq_sec_gp.o
  CC      drivers/misc/mediatek/base/power/spm/common/mtk_idle_internal.o
  CC      drivers/misc/mediatek/base/power/ppm_v3/src/mtk_ppm_policy_thermal.o
  CC      drivers/scsi/scsi_devinfo.o
  CC      drivers/thermal/thermal_sysfs.o
  CC      drivers/staging/android/ion/ion_carveout_heap.o
  CC      drivers/power/supply/mediatek/charger/mtk_linear_charging.o
  CC      drivers/power/oplus/oplus_chg_voter.o
  CC      drivers/power/oplus/oplus_chg_core.o
  CC      drivers/power/oplus/oplus_chg_comm.o
  CC      drivers/misc/mediatek/cmdq/v3/cmdq_sec_mtee.o
  CC      drivers/staging/android/ashmem.o
  CC      drivers/misc/mediatek/base/power/ppm_v3/src/mtk_ppm_policy_lcm_off.o
  CC      drivers/thermal/thermal_helpers.o
  CC      drivers/staging/android/ion/ion_chunk_heap.o
  CC      drivers/misc/mediatek/base/power/spm/common/mtk_idle_profile.o
  CC      drivers/power/supply/mediatek/battery/mtk_battery_core.o
  AR      drivers/staging/iio/accel/built-in.o
  AR      drivers/staging/iio/adc/built-in.o
  CC      drivers/scsi/scsi_sysctl.o
  AR      drivers/staging/iio/addac/built-in.o
  AR      drivers/staging/iio/cdc/built-in.o
  CC      drivers/power/supply/mediatek/charger/adapter_class.o
  CC      drivers/misc/mediatek/base/power/spm/mt6785/mtk_spm.o
  AR      drivers/staging/iio/frequency/built-in.o
  CC      drivers/misc/mediatek/cmdq/v3/cmdq_record.o
  CC      drivers/misc/mediatek/base/power/ppm_v3/src/mtk_ppm_policy_hard_user_limit.o
  AR      drivers/staging/iio/gyro/built-in.o
  CC      drivers/staging/android/ion/ion_cma_heap.o
  AR      drivers/staging/iio/impedance-analyzer/built-in.o
  CC      drivers/staging/android/debug_kinfo.o
  AR      drivers/staging/iio/light/built-in.o
  CC      drivers/thermal/of-thermal.o
  AR      drivers/staging/iio/meter/built-in.o
  AR      drivers/staging/iio/resolver/built-in.o
  AR      drivers/staging/iio/trigger/built-in.o
  CC      drivers/misc/mediatek/base/power/spm/common/mtk_idle_twam.o
  AR      drivers/staging/iio/built-in.o
  AR      drivers/staging/media/built-in.o
  CC      drivers/staging/nanohub/main.o
  CC      drivers/scsi/scsi_proc.o
  AR      drivers/power/oplus/built-in.o
  CC      drivers/misc/mediatek/base/power/spm/mt6785/mtk_spm_twam.o
  CC      drivers/power/supply/mediatek/charger/mtk_pd_adapter.o
  CC      drivers/misc/mediatek/base/power/ppm_v3/src/mtk_ppm_policy_user_limit.o
  AR      drivers/staging/typec/fusb302/built-in.o
  AR      drivers/staging/typec/built-in.o
  CC      drivers/staging/android/ion/compat_ion.o
  CC      drivers/power/supply/mediatek/charger/mtk_switch_charging2.o
  CC      drivers/misc/mediatek/base/power/spm/common/mtk_spm_resource_req.o
  CC      drivers/misc/mediatek/base/power/spm/mt6785/mtk_spm_irq.o
  CC      drivers/thermal/backward_compatible.o
  CC      drivers/scsi/scsi_trace.o
  CC      drivers/misc/mediatek/cmdq/v3/cmdq_virtual.o
  CC      drivers/staging/nanohub/bl.o
  CC      drivers/misc/mediatek/base/power/spm/mt6785/mtk_spm_dram.o
  CC      drivers/misc/mediatek/base/power/ppm_v3/src/mtk_ppm_policy_force_limit.o
  AR      drivers/thermal/broadcom/built-in.o
  AR      drivers/thermal/samsung/built-in.o
  CC      drivers/thermal/horae_shell_temp.o
  CC      drivers/staging/android/ion/mtk/ion_drv.o
  CC      drivers/misc/mediatek/base/power/spm/common/mtk_sleep.o
  CC      drivers/power/supply/mediatek/charger/mtk_intf.o
  AR      drivers/power/supply/mediatek/battery/built-in.o
  CC      drivers/power/supply/mediatek/charger/mtk_pe40.o
  CC      drivers/power/supply/mediatek/charger/mtk_pdc.o
  CC      drivers/staging/nanohub/comms.o
  CC      drivers/misc/mediatek/cmdq/v3/cmdq_device.o
  CC      drivers/scsi/scsi_logging.o
  CC      drivers/misc/mediatek/base/power/ppm_v3/src/mtk_ppm_policy_ut.o
  AR      drivers/thermal/thermal_sys.o
  CC      drivers/misc/mediatek/base/power/spm/mt6785/mtk_spm_internal.o
  AR      drivers/thermal/built-in.o
  CC      drivers/tty/tty_io.o
../drivers/staging/android/ion/mtk/ion_drv.c:549:24: warning: cast to smaller integer type 'unsigned int' from 'void *' [-Wvoid-pointer-to-int-cast]
  549 |                 m4u_mva_unmap_kernel((unsigned int)param->va,
      |                                      ^~~~~~~~~~~~~~~~~~~~~~~
../drivers/staging/android/ion/mtk/ion_drv.c:427:19: warning: unused variable 'heap' [-Wunused-variable]
  427 |         struct ion_heap *heap = NULL;
      |                          ^~~~
2 warnings generated.
  CC      drivers/staging/nanohub/nanohub-mtk.o
  CC      drivers/usb/common/common.o
  CC      drivers/misc/mediatek/base/power/ppm_v3/src/mach/mt6785/mtk_ppm_platform.o
  CC      drivers/misc/mediatek/cmdq/v3/cmdq_driver.o
  CC      drivers/misc/mediatek/base/power/spm/common/mtk_sleep_init.o
  CC      drivers/misc/mediatek/base/power/spm/common/mtk_vcore_dvfs.o
  CC      drivers/staging/android/ion/mtk/ion_mm_heap.o
  CC      drivers/staging/android/alarm-dev.o
  CC      drivers/misc/mediatek/base/power/spm/mt6785/mtk_spm_suspend.o
  CC      drivers/scsi/scsi_pm.o
  CC      drivers/misc/mediatek/base/power/spm/common/mtk_idle_module.o
  AR      drivers/power/supply/mediatek/charger/built-in.o
  AR      drivers/power/supply/mediatek/built-in.o
  AR      drivers/power/supply/power_supply.o
  AR      drivers/staging/nanohub/nanohub.o
  AR      drivers/power/supply/built-in.o
  AR      drivers/staging/nanohub/built-in.o
  AR      drivers/power/built-in.o
  CC      drivers/misc/mediatek/base/power/spm/common/mtk_idle_export_legacy.o
  CC      drivers/misc/mediatek/base/power/ppm_v3/src/mach/mt6785/mtk_ppm_power_data.o
  CC      drivers/misc/mediatek/cmdq/v3/cmdq_mdp_common.o
  AR      drivers/usb/common/usb-common.o
../drivers/staging/android/ion/mtk/ion_mm_heap.c:2176:31: warning: unused variable 'buffer_info' [-Wunused-variable]
 2176 |                         struct ion_mm_buffer_info *buffer_info =
      |                                                    ^~~~~~~~~~~
../drivers/staging/android/ion/mtk/ion_mm_heap.c:2219:26: warning: comparison of different enumeration types ('enum ion_heap_type' and 'enum mtk_ion_heap_type') [-Wenum-compare]
 2219 |                 } else if (buffer_type == ION_HEAP_TYPE_MULTIMEDIA_SEC) {
      |                            ~~~~~~~~~~~ ^  ~~~~~~~~~~~~~~~~~~~~~~~~~~~~
../drivers/staging/android/ion/mtk/ion_mm_heap.c:301:12: warning: unused function 'ion_mm_heap_init_domain' [-Wunused-function]
  301 | static int ion_mm_heap_init_domain(struct ion_mm_buffer_info *buffer_info,
      |            ^~~~~~~~~~~~~~~~~~~~~~~
  AR      drivers/usb/common/built-in.o
  AR      drivers/video/backlight/built-in.o
  CC      drivers/video/logo/logo.o
  CC      drivers/usb/core/usb.o
  CC      drivers/video/fbdev/core/fb_cmdline.o
  CC      drivers/misc/mediatek/base/power/spm/mt6785/mtk_spm_suspend_process.o
  CC      drivers/misc/mediatek/cmdq/v3/cmdq_event_common.o
3 warnings generated.
  CC      drivers/staging/android/ion/mtk/ion_fb_heap.o
  CC      drivers/tty/n_tty.o
  CC      drivers/misc/mediatek/cmdq/v3/cmdq_subsys_common.o
  AR      drivers/misc/mediatek/base/power/spm/common/built-in.o
  CC      drivers/misc/mediatek/base/power/ppm_v3/src/mach/mt6785/mtk_ppm_cobra_algo.o
  CC      drivers/virtio/virtio.o
  CC      drivers/scsi/ufs/ufshcd.o
  LOGO    drivers/video/logo/logo_linux_mono.c
  LOGO    drivers/video/logo/logo_linux_vga16.c
  LOGO    drivers/video/logo/logo_linux_clut224.c
  LOGO    drivers/video/logo/logo_superh_mono.c
  LOGO    drivers/video/logo/clut_vga16.c
  LOGO    drivers/video/logo/logo_blackfin_vga16.c
  LOGO    drivers/video/logo/logo_superh_vga16.c
  LOGO    drivers/video/logo/logo_blackfin_clut224.c
  LOGO    drivers/video/logo/logo_dec_clut224.c
  LOGO    drivers/video/logo/logo_m32r_clut224.c
  LOGO    drivers/video/logo/logo_mac_clut224.c
  LOGO    drivers/video/logo/logo_parisc_clut224.c
  LOGO    drivers/video/logo/logo_sgi_clut224.c
  LOGO    drivers/video/logo/logo_spe_clut224.c
  LOGO    drivers/video/logo/logo_sun_clut224.c
  LOGO    drivers/video/logo/logo_superh_clut224.c
  CC      drivers/video/logo/logo_linux_mono.o
  CC      drivers/misc/mediatek/base/power/spm/mt6785/mtk_sspm.o
  CC      drivers/video/logo/logo_linux_vga16.o
  CC      drivers/video/fbdev/core/fb_notify.o
  CC      drivers/video/logo/logo_linux_clut224.o
  CC      drivers/misc/mediatek/cmdq/v3/cmdq_helper_ext.o
  CC      drivers/misc/mediatek/cmdq/v3/cmdq_test.o
  CC      drivers/staging/android/ion/mtk/ion_sec_heap.o
  AR      drivers/video/logo/built-in.o
  CC      drivers/misc/mediatek/cmo/cmo-mtk.o
  CC      drivers/usb/core/hub.o
  AR      drivers/misc/mediatek/base/power/ppm_v3/src/mach/mt6785/built-in.o
  AR      drivers/misc/mediatek/base/power/ppm_v3/src/mach/built-in.o
  AR      drivers/misc/mediatek/base/power/ppm_v3/src/built-in.o
  AR      drivers/misc/mediatek/base/power/ppm_v3/built-in.o
../drivers/scsi/ufs/ufshcd.c:1859:7: warning: unused variable 'wq' [-Wunused-variable]
 1859 |         bool wq;
      |              ^~
  CC      drivers/misc/mediatek/base/power/udi_v2/mtk_udi.o
  CC      drivers/virtio/virtio_ring.o
  CC      drivers/usb/core/hcd.o
  CC      drivers/misc/mediatek/base/power/spm/mt6785/mtk_spm_power.o
../drivers/staging/android/ion/mtk/ion_sec_heap.c:322:21: warning: unused variable 'buffer' [-Wunused-variable]
  322 |         struct ion_buffer *buffer;
      |                            ^~~~~~
1 warning generated.
  CC      drivers/tty/tty_ioctl.o
  CC      drivers/staging/android/ion/mtk/ion_profile.o
  CC      drivers/video/fbdev/core/fbmem.o
  CC      drivers/staging/android/ion/mtk/ion_comm.o
  AR      drivers/misc/mediatek/cmo/built-in.o
  CC      drivers/usb/gadget/usbstring.o
  CC      drivers/misc/mediatek/base/power/spm/mt6785/mtk_spm_fs.o
  AR      drivers/misc/mediatek/base/power/udi_v2/built-in.o
  CC      drivers/usb/host/xhci.o
  AR      drivers/staging/android/ion/mtk/built-in.o
  AR      drivers/staging/android/ion/built-in.o
  AR      drivers/staging/android/built-in.o
  AR      drivers/staging/built-in.o
  AR      drivers/virtio/built-in.o
  CC      drivers/tty/tty_ldisc.o
  CC      drivers/misc/mediatek/base/power/spm/mt6785/mtk_spm_utils.o
  CC      drivers/usb/misc/trancevibrator.o
  CC      drivers/usb/core/urb.o
  CC      drivers/watchdog/mediatek/wdk/wd_common_drv.o
  CC      drivers/usb/gadget/config.o
  CC      drivers/misc/mediatek/cmdq/v3/cmdq_mmp.o
  CC      drivers/usb/core/message.o
1 warning generated.
  CC      drivers/scsi/ufs/ufshcd-crypto.o
  CC      drivers/misc/mediatek/cmdq/v3/mt6785/cmdq_mdp.o
  AR      drivers/usb/misc/built-in.o
  CC      drivers/usb/mtu3/mt6785/mtu3_hal.o
  CC      drivers/usb/mtu3/mt6785/mtu3_phy_hal.o
  CC      drivers/watchdog/mediatek/wdk/wd_api.o
  CC      drivers/tty/tty_buffer.o
  CC      drivers/misc/mediatek/base/power/spm/mt6785/mtk_idle_cond_check.o
  CC      drivers/usb/mtu3/mt6785/mtu3_sleep.o
  CC      drivers/video/fbdev/core/fbmon.o
  CC      drivers/usb/gadget/epautoconf.o
  CC      drivers/usb/host/xhci-mem.o
  AR      drivers/watchdog/mediatek/wdk/built-in.o
  AR      drivers/misc/mediatek/cmdq/v3/mt6785/built-in.o
  AR      drivers/misc/mediatek/cmdq/v3/built-in.o
  CC      drivers/usb/mtu3/mt6785/mtu3_phy_debugfs.o
  AR      drivers/misc/mediatek/cmdq/built-in.o
  CC      drivers/misc/mediatek/base/power/spm/mt6785/mtk_spm_idle.o
  CC      drivers/scsi/ufs/ufshcd-pltfrm.o
  CC      drivers/misc/mediatek/conn_md/conn_md.o
  CC      drivers/watchdog/mediatek/wdt/common/wdt_v2/mtk_wdt_v2.o
  CC      drivers/usb/core/driver.o
  CC      drivers/misc/mediatek/base/power/spm/mt6785/mtk_spm_vcore_dvfs.o
  CC      drivers/tty/tty_port.o
  CC      drivers/misc/mediatek/base/power/upower_v2/mtk_unified_power.o
  CC      drivers/usb/gadget/composite.o
  AR      drivers/usb/mtu3/mt6785/built-in.o
  CC      drivers/usb/mtu3/mtu3_debugfs_v2.o
  CC      drivers/misc/mediatek/base/power/spm/mt6785/mtk_idle_module_plat.o
  CC      drivers/misc/mediatek/conn_md/conn_md_exp.o
  CC      drivers/misc/mediatek/base/power/spm/mt6785/mtk_spm_resource_req_console.o
  CC      drivers/usb/host/xhci-ring.o
  CC      drivers/tty/tty_mutex.o
  CC      drivers/usb/core/config.o
  CC      drivers/scsi/ufs/ufs-mtk.o
  AR      drivers/watchdog/mediatek/wdt/common/wdt_v2/built-in.o
  AR      drivers/watchdog/mediatek/wdt/common/built-in.o
  CC      drivers/misc/mediatek/base/power/spm/mt6785/models/mtk_idle_dram.o
  AR      drivers/watchdog/mediatek/wdt/built-in.o
  CC      drivers/usb/mtu3/mtu3_plat_v2.o
  AR      drivers/watchdog/mediatek/built-in.o
  AR      drivers/watchdog/built-in.o
  CC      drivers/video/fbdev/core/fbcmap.o
  CC      drivers/usb/gadget/functions.o
  CC      drivers/misc/mediatek/base/power/spm/mt6785/models/mtk_idle_syspll.o
  CC      drivers/misc/mediatek/base/power/upower_v2/mtk_unified_power_internal.o
  CC      drivers/misc/mediatek/conn_md/conn_md_log.o
  CC      drivers/tty/tty_ldsem.o
  CC      drivers/misc/mediatek/base/power/spm/mt6785/models/mtk_idle_bus26m.o
  CC      drivers/misc/mediatek/base/power/upower_v2/mtk_unified_power_api.o
  CC      drivers/usb/gadget/configfs.o
  CC      drivers/usb/mtu3/mtu3_host_v2.o
  CC      drivers/usb/core/file.o
  CC      drivers/usb/core/buffer.o
  CC      drivers/usb/gadget/u_f.o
  CC      drivers/video/fbdev/core/fbsysfs.o
  CC      drivers/misc/mediatek/conn_md/conn_md_dump.o
  CC      drivers/scsi/ufs/mediatek/mt6785/ufs-mtk-platform.o
  AR      drivers/misc/mediatek/base/power/spm/mt6785/built-in.o
  AR      drivers/misc/mediatek/base/power/spm/built-in.o
  CC      drivers/tty/tty_baudrate.o
  CC      drivers/tty/tty_jobctrl.o
  CC      drivers/misc/mediatek/base/power/upower_v2/mtk_unified_power_mt6785.o
  CC      drivers/usb/mtu3/mtu3_core.o
  CC      drivers/usb/core/sysfs.o
  CC      drivers/usb/core/endpoint.o
  CC      drivers/misc/mediatek/conn_md/conn_md_dbg.o
  CC      drivers/misc/mediatek/conn_md/conn_md_test.o
../drivers/scsi/ufs/mediatek/mt6785/ufs-mtk-platform.c:246:6: warning: unused variable 'value' [-Wunused-variable]
  246 |         u32 value;
      |             ^~~~~
../drivers/scsi/ufs/mediatek/mt6785/ufs-mtk-platform.c:360:23: warning: unused variable 'host' [-Wunused-variable]
  360 |         struct ufs_mtk_host *host = ufshcd_get_variant(hba);
      |                              ^~~~
2 warnings generated.
  CC      drivers/scsi/ufs/ufs-mtk-block.o
  CC      drivers/usb/gadget/meta.o
  CC      drivers/video/fbdev/core/modedb.o
  AR      drivers/misc/mediatek/base/power/upower_v2/built-in.o
  AR      drivers/misc/mediatek/base/power/built-in.o
  CC      drivers/usb/host/xhci-hub.o
  AR      drivers/misc/mediatek/base/built-in.o
  CC      drivers/tty/n_null.o
  CC      drivers/misc/mediatek/connectivity/common/connectivity_build_in_adapter.o
  CC      drivers/usb/host/xhci-dbg.o
  CC      drivers/usb/core/devio.o
  CC      drivers/misc/mediatek/connectivity/common/wmt_build_in_adapter.o
  AR      drivers/misc/mediatek/conn_md/conn_md_bridge.o
  AR      drivers/misc/mediatek/conn_md/built-in.o
  CC      drivers/usb/mtu3/mtu3_gadget_ep0.o
  CC      drivers/usb/gadget/function/f_acm.o
  CC      drivers/misc/mediatek/debug_latch/cache_parity/cache_parity.o
  CC      drivers/tty/pty.o
  AR      drivers/usb/gadget/legacy/built-in.o
  CC      drivers/usb/gadget/udc/core.o
  CC      drivers/video/fbdev/core/fbcvt.o
  CC      drivers/scsi/ufs/ufs-mtk-dbg.o
  CC      drivers/usb/host/xhci-trace.o
  AR      drivers/misc/mediatek/debug_latch/cache_parity/built-in.o
  CC      drivers/usb/gadget/function/u_serial.o
  CC      drivers/usb/host/xhci-mtk-sch.o
  CC      drivers/misc/mediatek/debug_latch/lastbus/lastbus.o
  CC      drivers/misc/mediatek/debug_latch/lastbus/mt6785/plat_lastbus.o
  CC      drivers/usb/mtu3/mtu3_gadget.o
  CC      drivers/tty/sysrq.o
  CC      drivers/misc/mediatek/connectivity/power_throttling/adapter.o
  AR      drivers/misc/mediatek/debug_latch/lastbus/mt6785/built-in.o
  CC      drivers/video/fbdev/core/cfbfillrect.o
drivers/usb/host/.tmp_xhci-trace.o: no symbols
  CC      drivers/video/fbdev/core/cfbcopyarea.o
  CC      drivers/usb/host/xhci-mtk.o
  AR      drivers/misc/mediatek/debug_latch/lastbus/built-in.o
  CC      drivers/misc/mediatek/debug_latch/plat_dbg_info/plat_dbg_info.o
  CC      drivers/usb/core/notify.o
  CC      drivers/usb/gadget/udc/trace.o
  CC      drivers/misc/mediatek/debug_latch/plat_dbg_info/plat_sram_flag.o
  AR      drivers/scsi/ufs/ufshcd-core.o
  CC      drivers/usb/mtu3/mtu3_qmu.o
  AR      drivers/scsi/ufs/built-in.o
  CC      drivers/scsi/sd.o
  CC      drivers/misc/mediatek/connectivity/power_throttling/core.o
  CC      drivers/usb/gadget/function/f_serial.o
  AR      drivers/usb/host/xhci-hcd.o
  CC      drivers/usb/gadget/function/u_ether.o
  CC      drivers/video/fbdev/core/cfbimgblt.o
  AR      drivers/usb/host/built-in.o
  CC      drivers/misc/mediatek/connectivity/power_throttling/test.o
  CC      drivers/usb/phy/phy.o
  CC      drivers/usb/core/generic.o
  AR      drivers/tty/ipwireless/built-in.o
drivers/usb/gadget/udc/.tmp_trace.o: no symbols
  AR      drivers/usb/gadget/udc/udc-core.o
  CC      drivers/usb/storage/scsiglue.o
  AR      drivers/usb/gadget/udc/built-in.o
  CC      drivers/tty/serial/serial_core.o
  AR      drivers/usb/gadget/libcomposite.o
  AR      drivers/misc/mediatek/debug_latch/plat_dbg_info/built-in.o
  AR      drivers/misc/mediatek/debug_latch/built-in.o
  CC      drivers/usb/phy/of.o
  CC      drivers/usb/phy/class-dual-role.o
  CC      drivers/usb/gadget/function/f_rndis.o
  CC      drivers/usb/mtu3/mtu3_dr_v2.o
drivers/misc/mediatek/connectivity/power_throttling/.tmp_test.o: no symbols
../drivers/misc/mediatek/connectivity/bt/mt66xx/wmt/Makefile:15: set PM_QOS_CONTROL=1
 TARGET_BUILD_VARIANT = user
 BT_PLATFORM = 
 srctree = ..
  CC      drivers/misc/mediatek/connectivity/bt/mt66xx/wmt/stp_chrdev_bt.o
  AR      drivers/video/fbdev/core/fb.o
  AR      drivers/video/fbdev/core/built-in.o
  CC      drivers/usb/phy/phy-generic.o
  CC      drivers/usb/core/quirks.o
  AR      drivers/tty/vt/built-in.o
  CC      drivers/misc/mediatek/connectivity/bt/mt66xx/wmt/btmtk_dbg.o
  AR      drivers/video/fbdev/omap2/omapfb/displays/built-in.o
  AR      drivers/video/fbdev/omap2/omapfb/dss/built-in.o
  AR      drivers/usb/mtu3/musb_hdrc.o
  AR      drivers/video/fbdev/omap2/omapfb/built-in.o
  CC      drivers/misc/mediatek/devapc/devapc-mtk-common.o
  AR      drivers/usb/mtu3/built-in.o
  AR      drivers/video/fbdev/omap2/built-in.o
  CC      drivers/tty/serial/earlycon.o
  CC      drivers/scsi/sg.o
  CC      drivers/usb/storage/protocol.o
  AR      drivers/video/fbdev/built-in.o
  AR      drivers/video/built-in.o
  CC      drivers/usb/gadget/function/rndis.o
  CC      drivers/usb/gadget/function/f_mass_storage.o
../drivers/misc/mediatek/connectivity/common/Kbuild:121: wmt_drv build-in boot.img
../drivers/misc/mediatek/connectivity/common/Kbuild:213: KERNEL_VERSION_SUPPORT_CHIPID_LIST=[6785]
  CC      drivers/usb/core/devices.o
  CC      drivers/tty/serial/8250/8250_core.o
  CC      drivers/misc/mediatek/connectivity/bt/mt66xx/wmt/btmtk_dbg_tp_evt_if.o
  CC      drivers/misc/mediatek/connectivity/common/common_detect/wmt_detect_pwr.o
  CC      drivers/misc/mediatek/connectivity/bt/mt66xx/wmt/fw_log_bt.o
  CC      drivers/misc/mediatek/connectivity/common/common_detect/wmt_detect.o
  CC      drivers/usb/typec/typec.o
  AR      drivers/usb/phy/built-in.o
  CC      drivers/misc/mediatek/devinfo/devinfo.o
  CC      drivers/usb/storage/transport.o
  CC      drivers/misc/mediatek/devapc/devapc-mt6785.o
  CC      drivers/usb/core/port.o
  AR      drivers/misc/mediatek/connectivity/bt/mt66xx/wmt/bt_drv_.o
  CC      drivers/misc/mediatek/connectivity/common/common_detect/sdio_detect.o
  AR      drivers/misc/mediatek/connectivity/bt/mt66xx/wmt/built-in.o
  CC      drivers/misc/mediatek/connectivity/common/common_detect/mtk_wcn_stub_alps.o
  CC      drivers/misc/mediatek/connectivity/common/common_detect/wmt_gpio.o
  CC      drivers/usb/gadget/function/storage_common.o
  AR      drivers/scsi/scsi_mod.o
  AR      drivers/usb/typec/built-in.o
  CC      drivers/tty/serial/8250/8250_port.o
  AR      drivers/misc/mediatek/devapc/built-in.o
  AR      drivers/scsi/sd_mod.o
  CC      drivers/misc/mediatek/devmpu/devmpu.o
  AR      drivers/scsi/built-in.o
  CC      drivers/misc/mediatek/connectivity/common/common_detect/drv_init/fm_drv_init.o
  AR      drivers/misc/mediatek/devinfo/built-in.o
  CC      drivers/usb/core/of.o
  CC      drivers/tty/serial/8250/8250_dma.o
  CC      drivers/misc/mediatek/dfd/dfd.o
  CC      drivers/misc/mediatek/connectivity/common/common_detect/drv_init/conn_drv_init.o
  CC      drivers/usb/storage/usb.o
  CC      drivers/misc/mediatek/connectivity/common/common_detect/drv_init/bluetooth_drv_init.o
../drivers/tty/serial/8250/8250_port.c:721:16: warning: unused variable 'lcr' [-Wunused-variable]
  721 |         unsigned char lcr = 0, efr = 0;
      |                       ^~~
  CC      drivers/misc/mediatek/connectivity/common/common_detect/drv_init/wlan_drv_init.o
  CC      drivers/misc/mediatek/connectivity/common/common_detect/drv_init/common_drv_init.o
  CC      drivers/misc/mediatek/dfd/mt6785/plat_dfd.o
  CC      drivers/misc/mediatek/connectivity/common/common_detect/drv_init/gps_drv_init.o
  CC      drivers/misc/mediatek/connectivity/common/common_main/platform/mt6785.o
  AR      drivers/misc/mediatek/dfd/mt6785/built-in.o
  AR      drivers/usb/core/usbcore.o
  AR      drivers/misc/mediatek/dfd/built-in.o
  AR      drivers/misc/mediatek/devmpu/built-in.o
  AR      drivers/usb/core/built-in.o
  CC      drivers/misc/mediatek/dfrc/dfrc.o
  CC      drivers/misc/mediatek/dramc/dramc.o
  CC      drivers/tty/serial/8250/8250_early.o
1 warning generated.
  CC      drivers/misc/mediatek/connectivity/common/common_main/platform/mt6785_dbg.o
  CC      drivers/misc/mediatek/connectivity/common/common_main/platform/wmt_plat_alps.o
  CC      drivers/misc/mediatek/connectivity/common/common_main/platform/mtk_wcn_consys_hw.o
  CC      drivers/tty/serial/8250/8250_fsl.o
  CC      drivers/misc/mediatek/connectivity/common/common_main/platform/mtk_wcn_dump_util.o
  CC      drivers/misc/mediatek/connectivity/common/common_main/platform/mtk_wcn_cmb_hw.o
  CC      drivers/tty/serial/8250/8250_mtk.o
  CC      drivers/misc/mediatek/dramc/mtk_lastdramc.o
  CC      drivers/usb/storage/initializers.o
  CC      drivers/misc/mediatek/connectivity/common/common_main/core/wmt_ic_6628.o
  CC      drivers/misc/mediatek/connectivity/common/common_main/core/wmt_conf.o
  CC      drivers/misc/mediatek/connectivity/common/common_main/core/stp_core.o
  CC      drivers/misc/mediatek/connectivity/common/common_main/core/wmt_ctrl.o
  AR      drivers/misc/mediatek/dfrc/dfrc_driver.o
  CC      drivers/misc/mediatek/connectivity/common/common_main/core/wmt_func.o
  AR      drivers/misc/mediatek/dfrc/built-in.o
  CC      drivers/misc/mediatek/connectivity/common/common_main/core/wmt_core.o
../drivers/tty/serial/8250/8250_mtk.c:252:6: warning: unused variable 'lcr' [-Wunused-variable]
  252 |         int lcr = serial_in(up, UART_LCR);
      |             ^~~
../drivers/tty/serial/8250/8250_mtk.c:674:24: warning: mixing declarations and code is a C99 extension [-Wdeclaration-after-statement]
  674 | static struct pinctrl *serial_pinctrl = NULL;
      |                        ^
  CC      drivers/misc/mediatek/connectivity/common/common_main/core/psm_core.o
  CC      drivers/misc/mediatek/eccci/ccci_core.o
drivers/misc/mediatek/dramc/.tmp_mtk_lastdramc.o: no symbols
  CC      drivers/misc/mediatek/dramc/mtk_memtest.o
2 warnings generated.
  CC      drivers/usb/storage/sierra_ms.o
  CC      drivers/misc/mediatek/connectivity/common/common_main/core/wmt_ic_soc.o
  AR      drivers/tty/serial/8250/8250.o
  AR      drivers/tty/serial/8250/8250_base.o
  AR      drivers/tty/serial/8250/built-in.o
  AR      drivers/tty/serial/built-in.o
  CC      drivers/misc/mediatek/connectivity/common/common_main/core/wmt_lib.o
  AR      drivers/tty/built-in.o
drivers/misc/mediatek/dramc/.tmp_mtk_memtest.o: no symbols
  CC      drivers/misc/mediatek/dramc/mtk_rshmoo.o
  CC      drivers/misc/mediatek/connectivity/common/common_main/core/wmt_ic_6620.o
  CC      drivers/usb/gadget/function/f_fs.o
  CC      drivers/misc/mediatek/connectivity/common/common_main/core/stp_exp.o
  CC      drivers/misc/mediatek/eccci/ccci_bm.o
  CC      drivers/usb/storage/option_ms.o
  CC      drivers/misc/mediatek/connectivity/common/common_main/core/wmt_ic_6632.o
  CC      drivers/misc/mediatek/connectivity/common/common_main/core/wmt_exp.o
  CC      drivers/misc/mediatek/connectivity/common/common_main/core/btm_core.o
drivers/misc/mediatek/dramc/.tmp_mtk_rshmoo.o: no symbols
  CC      drivers/misc/mediatek/dramc/mt6785/mtk_dramc.o
  CC      drivers/misc/mediatek/connectivity/common/common_main/core/wmt_ic_6630.o
  CC      drivers/misc/mediatek/connectivity/common/common_main/linux/hif_sdio.o
  CC      drivers/misc/mediatek/connectivity/common/common_main/linux/stp_dbg_soc.o
  CC      drivers/usb/storage/usual-tables.o
  CC      drivers/misc/mediatek/eccci/ccci_modem.o
  CC      drivers/misc/mediatek/connectivity/common/common_main/linux/stp_dbg_combo.o
  CC      drivers/misc/mediatek/connectivity/common/common_main/linux/osal.o
  CC      drivers/misc/mediatek/connectivity/common/common_main/linux/wmt_dev.o
  CC      drivers/misc/mediatek/connectivity/common/common_main/linux/stp_sdio.o
  CC      drivers/misc/mediatek/connectivity/common/common_main/linux/bgw_desense.o
  CC      drivers/usb/storage/alauda.o
  AR      drivers/misc/mediatek/dramc/mt6785/built-in.o
  AR      drivers/misc/mediatek/dramc/built-in.o
  CC      drivers/misc/mediatek/connectivity/common/common_main/linux/wmt_idc.o
  CC      drivers/misc/mediatek/emi/mt6785/bwl_platform.o
  CC      drivers/misc/mediatek/connectivity/common/common_main/linux/stp_uart.o
  CC      drivers/usb/gadget/function/f_midi.o
  CC      drivers/misc/mediatek/eccci/modem_sys1.o
[fm_drv:Kbuild] M = 
[fm_drv:Kbuild] CFG_FM_PLAT = 
[fm_drv:Kbuild] CFG_BUILD_CONNAC2 = 
[fm_drv:Kbuild] CFG_FM_CHIP_ID = 6785
[fm_drv:Kbuild] CFG_FM_CHIP = mt6631
[fm_drv:Kbuild] fmradio_drv_ build-in boot.img
[fm_drv:Kbuild] src = drivers/misc/mediatek/connectivity/fmradio
[fm_drv:Kbuild] KO_CODE_PATH = ../drivers/misc/mediatek/connectivity/fmradio
  CC      drivers/misc/mediatek/connectivity/fmradio/chips/mt6631/pub/mt6631_fm_rds.o
  CC      drivers/misc/mediatek/emi/mt6785/mpu_platform.o
  CC      drivers/misc/mediatek/connectivity/common/common_main/linux/wmt_dbg.o
  CC      drivers/misc/mediatek/connectivity/common/common_main/linux/stp_dbg.o
  CC      drivers/usb/storage/cypress_atacb.o
  CC      drivers/misc/mediatek/connectivity/common/common_main/linux/wmt_user_proc.o
  CC      drivers/misc/mediatek/connectivity/common/common_main/linux/wmt_proc_dbg.o
  CC      drivers/misc/mediatek/connectivity/fmradio/chips/mt6631/pub/mt6631_fm_lib.o
  CC      drivers/misc/mediatek/connectivity/common/common_main/linux/wmt_alarm.o
  CC      drivers/misc/mediatek/connectivity/common/common_main/linux/fw_log_wmt.o
  CC      drivers/usb/gadget/function/f_hid.o
  CC      drivers/misc/mediatek/emi/mt6785/plat_debug_api.o
  CC      drivers/misc/mediatek/connectivity/common/common_main/linux/stp_btif.o
  CC      drivers/misc/mediatek/eccci/ccci_auxadc.o
  CC      drivers/usb/storage/datafab.o
  CC      drivers/misc/mediatek/connectivity/common/debug_utility/ring.o
../drivers/misc/mediatek/connectivity/gps/Makefile:17: GPS_CHIP_ID != common
../drivers/misc/mediatek/connectivity/gps/Makefile:236: is connsys_chip judge by CONFIG_MTK_COMBO_CHIP
  CC      drivers/misc/mediatek/emi/mt6785/../emi_ctrl_v1.o
  CC      drivers/misc/mediatek/connectivity/common/debug_utility/ring_emi.o
  CC      drivers/misc/mediatek/connectivity/gps/gps_stp/stp_chrdev_gps.o
  CC      drivers/misc/mediatek/connectivity/common/debug_utility/connsys_debug_utility.o
  CC      drivers/usb/gadget/function/f_audio_source.o
  CC      drivers/misc/mediatek/connectivity/fmradio/core/fm_module.o
  CC      drivers/misc/mediatek/eccci/modem_sys3.o
  CC      drivers/misc/mediatek/emi/mt6785/../submodule/bwl_v1.o
  CC      drivers/misc/mediatek/connectivity/fmradio/core/fm_main.o
  CC      drivers/misc/mediatek/emi/mt6785/../submodule/mpu_v1.o
  CC      drivers/misc/mediatek/eccci/fsm/ccci_fsm.o
  CC      drivers/usb/storage/freecom.o
  CC      drivers/misc/mediatek/emi/mt6785/../submodule/elm_v2.o
  CC      drivers/usb/gadget/function/f_accessory.o
  CC      drivers/usb/gadget/function/f_mtp.o
drivers/misc/mediatek/eccci/.tmp_modem_sys3.o: no symbols
  AR      drivers/misc/mediatek/connectivity/common/wmt_drv.o
  CC      drivers/misc/mediatek/connectivity/gps/gps_stp/fw_log_gps.o
  CC      drivers/misc/mediatek/eccci/hif/ccci_hif.o
  AR      drivers/misc/mediatek/connectivity/common/built-in.o
  CC      drivers/misc/mediatek/eccci/hif/ccci_hif_cldma.o
../drivers/misc/mediatek/connectivity/wlan/adaptor/Makefile:55: wmt_chrdev_wifi build-in boot.img
  CC      drivers/usb/storage/isd200.o
  CC      drivers/misc/mediatek/connectivity/wlan/adaptor/wmt_cdev_wifi.o
  AR      drivers/misc/mediatek/emi/mt6785/built-in.o
  CC      drivers/misc/mediatek/connectivity/fmradio/core/fm_config.o
  AR      drivers/misc/mediatek/emi/built-in.o
  CC      drivers/misc/mediatek/connectivity/fmradio/core/fm_rds_parser.o
  AR      drivers/misc/mediatek/ext_disp/common/built-in.o
  CC      drivers/misc/mediatek/ext_disp/mt6785/external_display.o
  CC      drivers/misc/mediatek/eccci/fsm/ccci_fsm_ioctl.o
  AR      drivers/misc/mediatek/connectivity/gps/gps_drv.o
  AR      drivers/misc/mediatek/connectivity/gps/built-in.o
os option: linux
$MTK_PLATFORM is [mt6785]
$WLAN_CHIP_ID is [6785]
$MTK_COMBO_CHIP is [CONNAC]
../drivers/misc/mediatek/connectivity/wlan/core/gen4m/Makefile:565: wlan_drv_gen4m build-in boot.img
SERVICE_DIR is [{}]
$CCFLAG is [{-Wno-unused-variable -Wno-unused-value -Wno-unused-result -Wno-format -Wno-parentheses -UMT6620 -UMT6628 -UMT5931 -UMT6630 -UMT6632 -UMT7663 -USOC2_1X1 -USOC2_2X2 -UUT_TEST_MODE -UMT7915 -USOC3_0 -UMT7961 -USOC5_0 -USOC7_0 -DCONFIG_WLAN_MTK_EMI=1 -DCFG_SUPPORT_DEBUG_FS=0 -DWLAN_INCLUDE_PROC -DCFG_SUPPORT_AGPS_ASSIST=0 -DCFG_SUPPORT_TSF_USING_BOOTTIME=1 -DARP_MONITER_ENABLE=1 -Wno-unused-but-set-variable -DLINUX -DOPLUS_WLAN_BUG_STABILITY=1 -DCONNAC -DCFG_ENABLE_HOST_BUS_TIMEOUT=0 -DCFG_SUPPORT_SET_IPV6_NETWORK=0 -DCFG_SUPPORT_MDDP_AOR=0 -DCFG_TRI_TX_RING=0 -DCFG_ANDORID_CONNINFRA_SUPPORT=0 -DCFG_SUPPORT_CONNAC2X=0 -DCFG_SUPPORT_CONNAC2X_2x2=0 -DCFG_SUPPORT_802_11AX=0 -DCFG_SUPPORT_802_11BE=0 -DCFG_SUPPORT_WIFI_6G=0 -DCFG_SUPPORT_TWT=0 -DCFG_TWT_SMART_STA=0 -DCFG_DRIVER_INITIAL_RUNNING_MODE=3 -DCFG_SUPPORT_DUAL_STA=1 -DCFG_MTK_ANDROID_WMT=1 -DCFG_SUPPORT_CONNINFRA=0 -DCFG_ANDORID_CONNINFRA_COREDUMP_SUPPORT=0 -DCFG_SUPPORT_PRE_ON_PHY_ACTION=0 -I../drivers/misc/mediatek/connectivity/common/common_main/include -I../drivers/misc/mediatek/connectivity/common/common_main/linux/include -DWMT_IDC_SUPPORT=1 -DMTK_WCN_WMT_STP_EXP_SYMBOL_ABSTRACT -DCFG_SUPPORT_POWER_THROTTLING=0 -DCFG_MTK_ANDROID_EMI=1 -DCFG_WIFI_IP_SET=2 -DCFG_BUILT_IN_DRIVER=1 -DCFG_SUPPORT_CHNL_CONFLICT_REVISE=0 -DCFG_SUPPORT_AEE=0 -DBUILD_QA_DBG=0 -DCFG_WPS_DISCONNECT=1 -D_HIF_AXI=1 -DCFG_DOWNLOAD_DYN_MEMORY_MAP=0 -DCFG_SUPPORT_PASSPOINT=1 -DCFG_HS20_DEBUG=1 -DCFG_MET_PACKET_TRACE_SUPPORT=1 -DCFG_MET_TAG_SUPPORT=0 -DCFG_TC3_FEATURE=0 -DCFG_TC10_FEATURE=0 -DCONFIG_MTK_MD_SUPPORT=1 -DCFG_TC1_FEATURE=0 -DCFG_SUPPORT_NAN=0 -DDBG=0 -Idrivers/misc/mediatek/connectivity/wlan/core/gen4m/os -Idrivers/misc/mediatek/connectivity/wlan/core/gen4m/os/linux/include -Idrivers/misc/mediatek/connectivity/wlan/core/gen4m/include -Idrivers/misc/mediatek/connectivity/wlan/core/gen4m/include/nic -Idrivers/misc/mediatek/connectivity/wlan/core/gen4m/include/mgmt -Idrivers/misc/mediatek/connectivity/wlan/core/gen4m/include/chips -I../drivers/misc/mediatek/base/power/include/ -I../drivers/misc/mediatek/include/mt-plat/ -I../drivers/misc/mediatek/performance/include/ -I../drivers/misc/mediatek/emi/mt6785 -I../drivers/misc/mediatek/emi/submodule -I../drivers/misc/mediatek/pmic/include/ -I../drivers/misc/mediatek/power_throttling/ -I../drivers/misc/mediatek/connectivity/common -I../drivers/devfreq/ -I../net -I../drivers/misc/mediatek/connectivity/connfem/include/ -DCFG_MTK_MDDP_SUPPORT=0 -Idrivers/misc/mediatek/connectivity/wlan/core/gen4m/os/linux/hif/common/include -Idrivers/misc/mediatek/connectivity/wlan/core/gen4m/os/linux/hif/axi/include -DCONFIG_WLAN_DRV_BUILD_IN=1 -DCFG_SUPPORT_PKT_OFLD=0 -DCONFIG_WLAN_SERVICE=1 -DCONFIG_TEST_ENGINE_OFFLOAD=1 -Idrivers/misc/mediatek/connectivity/wlan/core/gen4m/wlan_service/include -Idrivers/misc/mediatek/connectivity/wlan/core/gen4m/wlan_service/service/include -Idrivers/misc/mediatek/connectivity/wlan/core/gen4m/wlan_service/glue/osal/include -Idrivers/misc/mediatek/connectivity/wlan/core/gen4m/wlan_service/glue/hal/include}]
$MTK_WLAN_SERVICE is [{wlan_service/agent/agent.o wlan_service/service/service_test.o wlan_service/service/test_engine.o wlan_service/glue/osal/gen4m/sys_adaption_gen4m.o wlan_service/glue/osal/gen4m/net_adaption_gen4m.o wlan_service/glue/hal/gen4m/operation_gen4m.o}]
  CC      drivers/usb/gadget/function/f_ptp.o
  CC      drivers/misc/mediatek/eccci/hif/ccci_hif_dpmaif.o
  CC      drivers/misc/mediatek/connectivity/fmradio/core/fm_patch.o
  CC      drivers/misc/mediatek/connectivity/wlan/core/gen4m/os/linux/plat/mt6785/plat_priv.o
  CC      drivers/usb/storage/jumpshot.o
  CC      drivers/misc/mediatek/eccci/mixdev/mix_event.o
  CC      drivers/misc/mediatek/connectivity/fmradio/core/fm_utils.o
  CC      drivers/misc/mediatek/ext_disp/mt6785/mtk_extd_mgr.o
  CC      drivers/misc/mediatek/connectivity/wlan/adaptor/fw_log_wifi.o
  CC      drivers/misc/mediatek/eccci/hif/dpmaif_drv.o
  CC      drivers/misc/mediatek/ext_disp/mt6785/extd_debug.o
  AR      drivers/usb/gadget/function/usb_f_acm.o
  AR      drivers/usb/gadget/function/usb_f_serial.o
drivers/misc/mediatek/ext_disp/mt6785/.tmp_extd_debug.o: no symbols
  CC      drivers/misc/mediatek/ext_disp/mt6785/extd_utils.o
  AR      drivers/usb/gadget/function/usb_f_rndis.o
  AR      drivers/usb/gadget/function/usb_f_fs.o
  CC      drivers/misc/mediatek/eccci/fsm/ccci_fsm_monitor.o
  AR      drivers/usb/gadget/function/usb_f_midi.o
  AR      drivers/usb/gadget/function/usb_f_hid.o
  AR      drivers/usb/gadget/function/usb_f_audio_source.o
  AR      drivers/usb/gadget/function/usb_f_accessory.o
  AR      drivers/usb/gadget/function/usb_f_mtp.o
  AR      drivers/usb/gadget/function/usb_f_ptp.o
  CC      drivers/misc/mediatek/connectivity/wlan/core/gen4m/wlan_service/agent/agent.o
  CC      drivers/usb/storage/karma.o
  CC      drivers/misc/mediatek/connectivity/fmradio/core/fm_link.o
  AR      drivers/misc/mediatek/eccci/mixdev/mix_event_lib.o
  AR      drivers/misc/mediatek/eccci/mixdev/built-in.o
  CC      drivers/misc/mediatek/ext_disp/mt6785/extd_hdmi.o
  CC      drivers/misc/mediatek/eccci/mt6785/ccci_platform.o
  CC      drivers/misc/mediatek/ext_disp/mt6785/extd_epd.o
  CC      drivers/misc/mediatek/eccci/fsm/ccci_fsm_poller.o
  CC      drivers/misc/mediatek/ext_disp/mt6785/extd_multi_control.o
  CC      drivers/misc/mediatek/eccci/hif/net_speed_monitor.o
  CC      drivers/misc/mediatek/eccci/fsm/ccci_fsm_scp.o
  CC      drivers/misc/mediatek/connectivity/wlan/adaptor/fw_log_ics.o
  CC      drivers/misc/mediatek/connectivity/wlan/adaptor/wlan_ring.o
  CC      drivers/usb/storage/onetouch.o
  CC      drivers/misc/mediatek/eccci/hif/ccci_ringbuf.o
  CC      drivers/misc/mediatek/connectivity/fmradio/core/fm_eint.o
  CC      drivers/misc/mediatek/ext_disp/mt6785/extd_factory.o
  CC      drivers/misc/mediatek/eccci/hif/ccci_hif_ccif.o
  CC      drivers/misc/mediatek/eccci/fsm/ccci_fsm_ee.o
  CC      drivers/misc/mediatek/connectivity/fmradio/core/fm_cmd.o
  CC      drivers/misc/mediatek/eccci/mt6785/ap_md_reg_dump.o
  CC      drivers/misc/mediatek/eccci/fsm/ccci_fsm_sys.o
  CC      drivers/misc/mediatek/eccci/mt6785/md_sys1_platform.o
  CC      drivers/usb/storage/sddr09.o
  CC      drivers/misc/mediatek/connectivity/wlan/core/gen4m/wlan_service/service/service_test.o
  AR      drivers/misc/mediatek/connectivity/wlan/adaptor/wmt_chrdev_wifi.o
  AR      drivers/misc/mediatek/connectivity/wlan/adaptor/built-in.o
  CC      drivers/misc/mediatek/connectivity/wlan/core/gen4m/wlan_service/service/test_engine.o
  AR      drivers/misc/mediatek/ext_disp/mt6785/built-in.o
  AR      drivers/misc/mediatek/ext_disp/built-in.o
  CC      drivers/misc/mediatek/eccci/port/port_cfg.o
  CC      drivers/misc/mediatek/ext_gic/mtk-gic-v3-extend.o
  CC      drivers/misc/mediatek/connectivity/fmradio/core/fm_reg_utils.o
  CC      drivers/misc/mediatek/eccci/fsm/mdee_dumper_v1.o
  AR      drivers/misc/mediatek/connectivity/connadp.o
  CC      drivers/usb/storage/sddr55.o
  CC      drivers/misc/mediatek/eccci/fsm/mdee_dumper_v2.o
  AR      drivers/misc/mediatek/eccci/hif/ccci_hif_all.o
  AR      drivers/misc/mediatek/eccci/hif/built-in.o
  CC      drivers/misc/mediatek/eccci/udc/udc.o
  CC      drivers/misc/mediatek/connectivity/wlan/core/gen4m/wlan_service/glue/osal/gen4m/sys_adaption_gen4m.o
  CC      drivers/misc/mediatek/eccci/port/port_char.o
  CC      drivers/misc/mediatek/connectivity/fmradio/plat/legacy_wmt.o
  AR      drivers/usb/gadget/function/usb_f_mass_storage.o
  CC      drivers/misc/mediatek/connectivity/wlan/core/gen4m/wlan_service/glue/osal/gen4m/net_adaption_gen4m.o
  AR      drivers/usb/gadget/function/built-in.o
  AR      drivers/usb/gadget/built-in.o
  CC      drivers/usb/storage/shuttle_usbat.o
  AR      drivers/misc/mediatek/eccci/mt6785/ccci.o
  CC      drivers/misc/mediatek/ext_gic/mt6785/plat_sw_mode.o
  CC      drivers/misc/mediatek/connectivity/fmradio/dummy.o
  AR      drivers/misc/mediatek/eccci/udc/built-in.o
  CC      drivers/misc/mediatek/eccci/port/port_ctlmsg.o
drivers/misc/mediatek/connectivity/fmradio/.tmp_dummy.o: no symbols
  AR      drivers/misc/mediatek/eccci/mt6785/built-in.o
  CC      drivers/misc/mediatek/eccci/fsm/mdee_dumper_v3.o
  CC      drivers/misc/mediatek/eccci/port/port_udc.o
  AR      drivers/misc/mediatek/eccci/ccci.o
  CC      drivers/misc/mediatek/connectivity/wlan/core/gen4m/wlan_service/glue/hal/gen4m/operation_gen4m.o
  AR      drivers/misc/mediatek/ext_gic/mt6785/built-in.o
  AR      drivers/misc/mediatek/ext_gic/built-in.o
  CC      drivers/misc/mediatek/flashlight/flashlight-core.o
  CC      drivers/misc/mediatek/flashlight/richtek/rt-flashlight.o
  CC      drivers/misc/mediatek/eccci/fsm/mdee_dumper_v5.o
  AR      drivers/misc/mediatek/connectivity/fmradio/fmradio_drv_.o
  CC      drivers/misc/mediatek/connectivity/wlan/core/gen4m/common/dump.o
  AR      drivers/misc/mediatek/connectivity/fmradio/built-in.o
  CC      drivers/misc/mediatek/connectivity/wlan/core/gen4m/common/wlan_lib.o
  CC      drivers/misc/mediatek/eccci/port/port_misc.o
  CC      drivers/misc/mediatek/eccci/port/port_ipc.o
  AR      drivers/usb/storage/usb-storage.o
  CC      drivers/misc/mediatek/flashlight/richtek/rtfled.o
  AR      drivers/usb/storage/ums-alauda.o
  AR      drivers/usb/storage/ums-cypress.o
  AR      drivers/usb/storage/ums-datafab.o
  AR      drivers/usb/storage/ums-freecom.o
  AR      drivers/usb/storage/ums-isd200.o
  CC      drivers/misc/mediatek/connectivity/wlan/core/gen4m/common/wlan_oid.o
  CC      drivers/misc/mediatek/connectivity/wlan/core/gen4m/common/wlan_bow.o
  CC      drivers/misc/mediatek/connectivity/wlan/core/gen4m/common/debug.o
  AR      drivers/usb/storage/ums-jumpshot.o
  AR      drivers/usb/storage/ums-karma.o
  AR      drivers/usb/storage/ums-onetouch.o
  AR      drivers/usb/storage/ums-sddr09.o
  CC      drivers/misc/mediatek/connectivity/wlan/core/gen4m/common/wlan_p2p.o
  AR      drivers/usb/storage/ums-sddr55.o
  AR      drivers/usb/storage/ums-usbat.o
  CC      drivers/misc/mediatek/flashlight/flashlight-device.o
  AR      drivers/usb/storage/built-in.o
  AR      drivers/misc/mediatek/eccci/fsm/ccci_fsm_all.o
  AR      drivers/usb/built-in.o
  AR      drivers/misc/mediatek/eccci/fsm/built-in.o
  CC      drivers/misc/mediatek/connectivity/wlan/core/gen4m/common/wlan_he.o
  CC      drivers/misc/mediatek/connectivity/wlan/core/gen4m/nic/nic.o
  CC      drivers/misc/mediatek/flashlight/flashlights-mt6360.o
  CC      drivers/misc/mediatek/eccci/port/port_net.o
  CC      drivers/misc/mediatek/eccci/port/port_poller.o
  AR      drivers/misc/mediatek/flashlight/richtek/built-in.o
  CC      drivers/misc/mediatek/freqhopping/mtk_freqhopping_drv.o
  CC      drivers/misc/mediatek/flashlight/./oplus/flashlight_custom.o
  CC      drivers/misc/mediatek/connectivity/wlan/core/gen4m/nic/nic_tx.o
  CC      drivers/misc/mediatek/eccci/port/port_proxy.o
drivers/misc/mediatek/connectivity/wlan/core/gen4m/common/.tmp_wlan_bow.o: no symbols
  CC      drivers/misc/mediatek/connectivity/wlan/core/gen4m/nic/nic_txd_v1.o
  AR      drivers/misc/mediatek/flashlight/flashlight.o
  CC      drivers/misc/mediatek/eccci/port/port_rpc.o
  AR      drivers/misc/mediatek/flashlight/built-in.o
  CC      drivers/misc/mediatek/geniezone/gz_main.o
  CC      drivers/misc/mediatek/connectivity/wlan/core/gen4m/nic/nic_rxd_v1.o
  CC      drivers/misc/mediatek/freqhopping/mt6785/mtk_freqhopping_sspm.o
drivers/misc/mediatek/connectivity/wlan/core/gen4m/common/.tmp_wlan_he.o: no symbols
  CC      drivers/misc/mediatek/connectivity/wlan/core/gen4m/nic/nic_rx.o
  CC      drivers/misc/mediatek/connectivity/wlan/core/gen4m/nic/nic_pwr_mgt.o
  CC      drivers/misc/mediatek/connectivity/wlan/core/gen4m/nic/nic_rate.o
  CC      drivers/misc/mediatek/connectivity/wlan/core/gen4m/nic/cmd_buf.o
  CC      drivers/misc/mediatek/connectivity/wlan/core/gen4m/nic/que_mgt.o
  AR      drivers/misc/mediatek/freqhopping/mt6785/built-in.o
  AR      drivers/misc/mediatek/freqhopping/built-in.o
MTK_GPU_VERSION 1 = mali
  CC      drivers/misc/mediatek/eccci/port/port_smem.o
  CC      drivers/misc/mediatek/geniezone/mtee_ut/gz_ut.o
  CC      drivers/misc/mediatek/gpu/ged/src/ged_ski.o
  CC      drivers/misc/mediatek/connectivity/wlan/core/gen4m/nic/nic_cmd_event.o
  CC      drivers/misc/mediatek/gpu/ged/src/ged.o
  CC      drivers/misc/mediatek/connectivity/wlan/core/gen4m/nic/nic_umac.o
  CC      drivers/misc/mediatek/geniezone/mtee_ut/gz_chmem_ut.o
  CC      drivers/misc/mediatek/connectivity/wlan/core/gen4m/nic/radiotap.o
  CC      drivers/misc/mediatek/connectivity/wlan/core/gen4m/nic/p2p_nic.o
drivers/misc/mediatek/connectivity/wlan/core/gen4m/nic/.tmp_radiotap.o: no symbols
  CC      drivers/misc/mediatek/connectivity/wlan/core/gen4m/os/linux/gl_init.o
  CC      drivers/misc/mediatek/eccci/port/port_sysmsg.o
  CC      drivers/misc/mediatek/connectivity/wlan/core/gen4m/os/linux/gl_kal.o
  CC      drivers/misc/mediatek/gpu/ged/src/ged_base.o
  CC      drivers/misc/mediatek/connectivity/wlan/core/gen4m/os/linux/gl_bow.o
  CC      drivers/misc/mediatek/connectivity/wlan/core/gen4m/os/linux/gl_wext.o
  CC      drivers/misc/mediatek/geniezone/mtee_ut/gz_shmem_ut.o
  CC      drivers/misc/mediatek/eccci/port/ccci_swtp.o
  CC      drivers/misc/mediatek/gpu/ged/src/ged_main.o
  CC      drivers/misc/mediatek/geniezone/mtee_ut/gz_vreg_ut.o
  CC      drivers/misc/mediatek/connectivity/wlan/core/gen4m/os/linux/gl_wext_priv.o
  CC      drivers/misc/mediatek/geniezone/gz-trusty/trusty.o
  AR      drivers/misc/mediatek/eccci/port/ccci_port.o
  AR      drivers/misc/mediatek/eccci/port/built-in.o
  CC      drivers/misc/mediatek/connectivity/wlan/core/gen4m/os/linux/gl_ate_agent.o
  AR      drivers/misc/mediatek/eccci/built-in.o
  CC      drivers/misc/mediatek/gpu/ged/src/ged_sysfs.o
  CC      drivers/misc/mediatek/io_boost/mtk_io_boost.o
imgsensor drv by common ../common/v1_1/imx586_mipi_raw/ ../common/v1_1/s5k2l7_mipi_raw/ ../common/v1_1/s5k2t7sp_mipi_raw/ ../common/v1_1/imx398_mipi_raw/ ../common/v1_1/imx350_mipi_raw/ ../common/v1_1/imx386_mipi_raw/ ../common/v1_1/imx386_mipi_mono/ ../common/v1_1/imx499_mipi_raw/ ../common/v1_1/imx576_mipi_raw/ ../common/v1_1/s5k2lqsx_mipi_raw/ ../common/v1_1/s5k4h7_mipi_raw/ ../common/v1_1/ov64b_mipi_raw_20730/ ../common/v1_1/imx471_mipi_raw2_20730/ ../common/v1_1/ov8856_mipi_raw2_20730/ ../common/v1_1/gc02m1b_mipi_mono_20730/ ../common/v1_1/gc02m1_mipi_raw_20730/ ../common/v1_1/imx682_mipi_raw/ ../common/v1_1/salaa_qtech_main_s5kgm1sp/ ../common/v1_1/s5kgm1sp_mipi_raw/ ../common/v1_1/imx471_mipi_raw1/ ../common/v1_1/ov8856_mipi_raw/ ../common/v1_1/sala_wide_ov8856/ ../common/v1_1/sala_ov02b10_mipi_raw/ ../common/v1_1/ov02b1b_mipi_mono/
imgsensor drv by platform imx519_mipi_raw/ s5khm2sp_mipi_raw/
imgsensor drv by platform 
  CC      drivers/misc/mediatek/connectivity/wlan/core/gen4m/os/linux/gl_qa_agent.o
  CC      drivers/misc/mediatek/gud/500/MobiCoreDriver/admin.o
  CC      drivers/misc/mediatek/imgsensor/src/mt6785/../common/v1_1/imgsensor.o
drivers/misc/mediatek/connectivity/wlan/core/gen4m/os/linux/.tmp_gl_bow.o: no symbols
  CC      drivers/misc/mediatek/connectivity/wlan/core/gen4m/os/linux/gl_hook_api.o
  CC      drivers/misc/mediatek/gpu/ged/src/ged_hal.o
  AR      drivers/misc/mediatek/io_boost/built-in.o
  CC      drivers/misc/mediatek/jpeg/v2/jpeg_drv_enc.o
  CC      drivers/misc/mediatek/gud/500/MobiCoreDriver/client.o
  CC      drivers/misc/mediatek/geniezone/gz-trusty/trusty-irq.o
  CC      drivers/misc/mediatek/connectivity/wlan/core/gen4m/os/linux/gl_rst.o
  CC      drivers/misc/mediatek/connectivity/wlan/core/gen4m/os/linux/gl_cfg80211.o
  CC      drivers/misc/mediatek/jpeg/v2/jpeg_drv_dec.o
  CC      drivers/misc/mediatek/gpu/ged/src/ged_log.o
  CC      drivers/misc/mediatek/connectivity/wlan/core/gen4m/os/linux/gl_proc.o
  CC      drivers/misc/mediatek/geniezone/gz-trusty/trusty-mem.o
drivers/misc/mediatek/jpeg/v2/.tmp_jpeg_drv_dec.o: no symbols
  CC      drivers/misc/mediatek/jpeg/v2/jpeg_drv.o
  CC      drivers/misc/mediatek/gpu/gpu_bm/gpu_bm.o
  CC      drivers/misc/mediatek/imgsensor/src/mt6785/../common/v1_1/imgsensor_hw.o
  CC      drivers/misc/mediatek/gud/500/MobiCoreDriver/clientlib.o
  CC      drivers/misc/mediatek/imgsensor/src/mt6785/../common/v1_1/imgsensor_i2c.o
  CC      drivers/misc/mediatek/geniezone/gz-trusty/trusty-virtio.o
  CC      drivers/misc/mediatek/gpu/ged/src/ged_bridge.o
  CC      drivers/misc/mediatek/connectivity/wlan/core/gen4m/os/linux/gl_sys.o
  AR      drivers/misc/mediatek/gpu/gpu_bm/built-in.o
*MTK_GPU_VERSION 2 = bifrost
  CC      drivers/misc/mediatek/connectivity/wlan/core/gen4m/os/linux/gl_vendor.o
  CC      drivers/misc/mediatek/imgsensor/src/mt6785/../common/v1_1/imgsensor_legacy.o
*MTK_GPU_VERSION 3 = r25p0
  AR      drivers/misc/mediatek/gpu/gpu_mali/mali_bifrost/mali-r25p0/drivers/gpu/arm/built-in.o
  CC      drivers/misc/mediatek/gud/500/MobiCoreDriver/clock.o
mali MTK evironment, building r19p0 DDK
mtk-Kbuild CONFIG_MALI_PLATFORM_THIRDPARTY := y
mtk-Kbuild CONFIG_MALI_PLATFORM_THIRDPARTY_NAME := "mt6785"
*GPU defined GPU BM QoS 2.0
mali MTK evironment, building r19p0 DDK
mtk-Kbuild CONFIG_MALI_PLATFORM_THIRDPARTY := y
mtk-Kbuild CONFIG_MALI_PLATFORM_THIRDPARTY_NAME := "mt6785"
*GPU defined GPU BM QoS 2.0
mali MTK evironment, building r19p0 DDK
mtk-Kbuild CONFIG_MALI_PLATFORM_THIRDPARTY := y
mtk-Kbuild CONFIG_MALI_PLATFORM_THIRDPARTY_NAME := "mt6785"
*GPU defined GPU BM QoS 2.0
drivers/misc/mediatek/gud/500/MobiCoreDriver/.tmp_clock.o: no symbols
  CC      drivers/misc/mediatek/gud/500/MobiCoreDriver/fastcall.o
  CC      drivers/misc/mediatek/jpeg/v2/jpeg_ion.o
  CC      drivers/misc/mediatek/gpu/ged/src/ged_monitor_3D_fence.o
  CC      drivers/misc/mediatek/gpu/ged/src/ged_notify_sw_vsync.o
  CC      drivers/misc/mediatek/gpu/gpu_mali/mali_bifrost/mali-r25p0/drivers/gpu/arm/midgard/platform/mtk_platform_common/mtk_platform_common.o
  CC      drivers/misc/mediatek/connectivity/wlan/core/gen4m/os/linux/platform.o
  CC      drivers/misc/mediatek/imgsensor/src/mt6785/../common/v1_1/imgsensor_proc.o
  CC      drivers/misc/mediatek/geniezone/gz-trusty/trusty-ipc.o
  CC      drivers/misc/mediatek/gud/500/MobiCoreDriver/iwp.o
  AR      drivers/misc/mediatek/jpeg/v2/jpeg_driver.o
  CC      drivers/misc/mediatek/gpu/ged/src/ged_hashtable.o
  AR      drivers/misc/mediatek/jpeg/v2/built-in.o
  AR      drivers/misc/mediatek/jpeg/built-in.o
************  drivers/trusty/mtee-kree mk ************
../drivers/misc/mediatek/gud/Makefile.include:2: "CONFIG_MTK_PLATFORM: "mt6785""
../drivers/misc/mediatek/gud/Makefile.include:3: "CONFIG_TRUSTONIC_TEE_VERSION: "500""
  CC      drivers/misc/mediatek/geniezone/mtee-kree/tz_mmap.o
  CC      drivers/misc/mediatek/lcd_bias/lcd_bias.o
  CC      drivers/misc/mediatek/connectivity/wlan/core/gen4m/os/linux/gl_p2p.o
  CC      drivers/misc/mediatek/gpu/ged/src/ged_thread.o
  CC      drivers/misc/mediatek/gpu/gpu_mali/mali_bifrost/mali-r25p0/drivers/gpu/arm/midgard/platform/mtk_platform_common/mtk_mfg_counter.o
drivers/misc/mediatek/connectivity/wlan/core/gen4m/os/linux/.tmp_gl_sys.o: no symbols
  CC      drivers/misc/mediatek/connectivity/wlan/core/gen4m/os/linux/gl_p2p_cfg80211.o
  CC      drivers/misc/mediatek/gpu/ged/src/ged_ge.o
  AR      drivers/misc/mediatek/lcd_bias/built-in.o
  CC      drivers/misc/mediatek/geniezone/mtee-kree/tz_system.o
  CC      drivers/misc/mediatek/imgsensor/src/mt6785/../common/v1_1/imgsensor_sensor_list.o
  CC      drivers/misc/mediatek/gud/500/MobiCoreDriver/logging.o
  CC      drivers/misc/mediatek/lcm/mt65xx_lcm_list.o
  CC      drivers/misc/mediatek/connectivity/wlan/core/gen4m/os/linux/gl_p2p_init.o
  CC      drivers/misc/mediatek/gpu/gpu_mali/mali_bifrost/mali-r25p0/drivers/gpu/arm/midgard/context/mali_kbase_context.o
  CC      drivers/misc/mediatek/gpu/ged/src/ged_dvfs.o
  CC      drivers/misc/mediatek/gud/500/MobiCoreDriver/main.o
  CC      drivers/misc/mediatek/lcm/lcm_common.o
  CC      drivers/misc/mediatek/geniezone/gz-trusty/smcnr-table.o
  CC      drivers/misc/mediatek/gpu/hal/mtk_gpu_utility.o
drivers/misc/mediatek/lcm/.tmp_lcm_common.o: no symbols
  CC      drivers/misc/mediatek/lcm/lcm_gpio.o
drivers/misc/mediatek/lcm/.tmp_lcm_gpio.o: no symbols
  CC      drivers/misc/mediatek/lcm/lcm_i2c.o
  CC      drivers/misc/mediatek/imgsensor/src/mt6785/../common/v1_1/seninf.o
  CC      drivers/misc/mediatek/gpu/ged/src/ged_gpu_tuner.o
../drivers/misc/mediatek/gpu/ged/src/ged_dvfs.c:1020:8: warning: mixing declarations and code is a C99 extension [-Wdeclaration-after-statement]
 1020 |                         int i32NewFreqID =
      |                             ^
  CC      drivers/misc/mediatek/geniezone/mtee-kree/kree_mem.o
  CC      drivers/misc/mediatek/gpu/gpu_mali/mali_bifrost/mali-r25p0/drivers/gpu/arm/midgard/debug/mali_kbase_debug_ktrace.o
  CC      drivers/misc/mediatek/connectivity/wlan/core/gen4m/os/linux/gl_p2p_kal.o
1 warning generated.
  CC      drivers/misc/mediatek/gpu/ged/src/ged_kpi.o
  AR      drivers/misc/mediatek/gpu/hal/hal.o
  CC      drivers/misc/mediatek/gud/500/MobiCoreDriver/mcp.o
  AR      drivers/misc/mediatek/gpu/hal/built-in.o
  CC      drivers/misc/mediatek/lcm/lcm_pmic.o
  CC      drivers/misc/mediatek/geniezone/gz-trusty/gz-log.o
  CC      drivers/misc/mediatek/leds/mtk_leds_drv.o
  CC      drivers/misc/mediatek/gpu/gpu_mali/mali_bifrost/mali-r25p0/drivers/gpu/arm/midgard/device/mali_kbase_device.o
  CC      drivers/misc/mediatek/lcm/lcm_util.o
drivers/misc/mediatek/lcm/.tmp_lcm_util.o: no symbols
  CC      drivers/misc/mediatek/lcm/nt36672c_fhdp_dsi_vdo_boe_zal1852/nt36672c_fhdp_dsi_vdo_boe_zal1852.o
  CC      drivers/misc/mediatek/connectivity/wlan/core/gen4m/os/linux/hif/common/hal_pdma.o
  CC      drivers/misc/mediatek/connectivity/wlan/core/gen4m/os/linux/hif/common/kal_pdma.o
  CC      drivers/misc/mediatek/gpu/gpu_mali/mali_bifrost/mali-r25p0/drivers/gpu/arm/midgard/mali_kbase_cache_policy.o
  CC      drivers/misc/mediatek/imgsensor/src/mt6785/../OplusImgsensor/imgsensor_eeprom.o
  CC      drivers/misc/mediatek/gud/500/MobiCoreDriver/mmu.o
  AR      drivers/misc/mediatek/geniezone/mtee-kree/built-in.o
  CC      drivers/misc/mediatek/gpu/gpu_mali/mali_bifrost/mali-r25p0/drivers/gpu/arm/midgard/mali_kbase_ccswe.o
  AR      drivers/misc/mediatek/gpu/ged/ged.o
  AR      drivers/misc/mediatek/gpu/ged/built-in.o
  CC      drivers/misc/mediatek/lens/main/main_lens.o
  AR      drivers/misc/mediatek/lcm/nt36672c_fhdp_dsi_vdo_boe_zal1852/built-in.o
  CC      drivers/misc/mediatek/leds/mt6785/mtk_leds.o
  CC      drivers/misc/mediatek/log_store/log_store.o
  AR      drivers/misc/mediatek/geniezone/gz-trusty/built-in.o
  CC      drivers/misc/mediatek/lcm/nt36672c_fhdp_dsi_vdo_jdi_zal1852/nt36672c_fhdp_dsi_vdo_jdi_zal1852.o
  AR      drivers/misc/mediatek/geniezone/built-in.o
../drivers/misc/mediatek/gud/Makefile.include:2: "CONFIG_MTK_PLATFORM: "mt6785""
../drivers/misc/mediatek/gud/Makefile.include:3: "CONFIG_TRUSTONIC_TEE_VERSION: "500""
  CC      drivers/misc/mediatek/imgsensor/src/mt6785/../OplusImgsensor/imgsensor_hwcfg_custom.o
  CC      drivers/misc/mediatek/gpu/gpu_mali/mali_bifrost/mali-r25p0/drivers/gpu/arm/midgard/mali_kbase_mem.o
  CC      drivers/misc/mediatek/m4u/3.2/m4u.o
  CC      drivers/misc/mediatek/connectivity/wlan/core/gen4m/os/linux/hif/common/dbg_pdma.o
  CC      drivers/misc/mediatek/gpu/gpu_mali/mali_bifrost/mali-r25p0/drivers/gpu/arm/midgard/mali_kbase_mem_pool_group.o
  CC      drivers/misc/mediatek/gud/500/MobiCoreDriver/nq.o
  AR      drivers/misc/mediatek/lcm/nt36672c_fhdp_dsi_vdo_jdi_zal1852/built-in.o
  CC      drivers/misc/mediatek/lcm/nt36672c_fhdp_dsi_vdo_tianma_zal1852/nt36672c_fhdp_dsi_vdo_tianma_zal1852.o
  AR      drivers/misc/mediatek/leds/mt6785/built-in.o
  AR      drivers/misc/mediatek/leds/built-in.o
  CC      drivers/misc/mediatek/lens/main/common/ak7314af/AK7314AF.o
  CC      drivers/misc/mediatek/masp/asfv2/core/sec_boot_core.o
  CC      drivers/misc/mediatek/connectivity/wlan/core/gen4m/os/linux/hif/common/sw_wfdma.o
  AR      drivers/misc/mediatek/log_store/built-in.o
  CC      drivers/misc/mediatek/gpu/gpu_mali/mali_bifrost/mali-r25p0/drivers/gpu/arm/midgard/mali_kbase_native_mgm.o
  CC      drivers/misc/mediatek/imgsensor/src/mt6785/../OplusImgsensor/imgsensor_hwcfg_mt6785.o
  CC      drivers/misc/mediatek/mdp/mdp_ioctl_ex.o
  CC      drivers/misc/mediatek/gud/500/MobiCoreDriver/protocol.o
  AR      drivers/misc/mediatek/lcm/nt36672c_fhdp_dsi_vdo_tianma_zal1852/built-in.o
  CC      drivers/misc/mediatek/masp/asfv2/core/sec_mod_core.o
  AR      drivers/misc/mediatek/lens/main/common/ak7314af/built-in.o
  CC      drivers/misc/mediatek/lcm/oppo20730_samsung_ams643xy04_dsi_cmd/oppo20730_samsung_ams643xy04_1080p_dsi_vdo.o
  CC      drivers/misc/mediatek/lens/main/common/ak7371af/AK7371AF.o
  CC      drivers/misc/mediatek/m4u/3.2/m4u_mva.o
  CC      drivers/misc/mediatek/m4u/3.2/m4u_pgtable.o
  CC      drivers/misc/mediatek/gpu/gpu_mali/mali_bifrost/mali-r25p0/drivers/gpu/arm/midgard/mali_kbase_ctx_sched.o
  CC      drivers/misc/mediatek/gud/500/MobiCoreDriver/session.o
  CC      drivers/misc/mediatek/imgsensor/src/mt6785/../common/v1_1/gc02m1_mipi_raw_20730/gc02m1bmipimono_Sensor.o
  CC      drivers/misc/mediatek/connectivity/wlan/core/gen4m/os/linux/hif/axi/axi.o
  CC      drivers/misc/mediatek/masp/asfv2/core/sec_osal.o
  CC      drivers/misc/mediatek/mdp/mdp_m4u.o
  AR      drivers/misc/mediatek/lens/main/common/ak7371af/built-in.o
  CC      drivers/misc/mediatek/lens/main/common/ak7375caf/AK7375CAF.o
  CC      drivers/misc/mediatek/m4u/3.2/m4u_debug.o
  CC      drivers/misc/mediatek/connectivity/wlan/core/gen4m/mgmt/ais_fsm.o
  CC      drivers/misc/mediatek/gpu/gpu_mali/mali_bifrost/mali-r25p0/drivers/gpu/arm/midgard/mali_kbase_jm.o
  CC      drivers/misc/mediatek/m4u/3.2/m4u_sec_gp.o
  AR      drivers/misc/mediatek/lens/main/common/ak7375caf/built-in.o
  CC      drivers/misc/mediatek/lens/main/common/ak7377af/AK7377AF.o
  AR      drivers/misc/mediatek/mdp/built-in.o
  CC      drivers/misc/mediatek/gud/500/MobiCoreDriver/teeclientapi.o
  AR      drivers/misc/mediatek/imgsensor/src/mt6785/../common/v1_1/gc02m1_mipi_raw_20730/built-in.o
  CC      drivers/misc/mediatek/memory-amms/memory-amms.o
  CC      drivers/misc/mediatek/masp/asfv2/core/sec_legacy.o
  AR      drivers/misc/mediatek/lcm/oppo20730_samsung_ams643xy04_dsi_cmd/built-in.o
  AR      drivers/misc/mediatek/lcm/built-in.o
  CC      drivers/misc/mediatek/imgsensor/src/mt6785/../common/v1_1/gc02m1b_mipi_mono_20730/gc02m1bmipimono_Sensor.o
  CC      drivers/misc/mediatek/imgsensor/src/mt6785/../common/v1_1/imx350_mipi_raw/imx350mipiraw_Sensor.o
  CC      drivers/misc/mediatek/m4u/3.2/m4u_sec_gz.o
  CC      drivers/misc/mediatek/connectivity/wlan/core/gen4m/mgmt/aaa_fsm.o
  CC      drivers/misc/mediatek/lens/main/common/b0954p65af/B0954P65AF.o
  CC      drivers/misc/mediatek/masp/asfv2/module/sec_mod.o
  CC      drivers/misc/mediatek/gpu/gpu_mali/mali_bifrost/mali-r25p0/drivers/gpu/arm/midgard/mali_kbase_gpuprops.o
  AR      drivers/misc/mediatek/lens/main/common/ak7377af/built-in.o
  CC      drivers/misc/mediatek/lens/main/common/bu63169af/BU63169AF.o
  CC      drivers/misc/mediatek/gud/500/MobiCoreDriver/user.o
  AR      drivers/misc/mediatek/lens/main/common/b0954p65af/built-in.o
  CC      drivers/misc/mediatek/imgsensor/src/mt6785/../common/v1_1/imx350_mipi_raw/imx350_eeprom.o
  AR      drivers/misc/mediatek/m4u/3.2/built-in.o
  AR      drivers/misc/mediatek/imgsensor/src/mt6785/../common/v1_1/gc02m1b_mipi_mono_20730/built-in.o
  CC      drivers/misc/mediatek/lens/main/common/bu6424af/BU6424AF.o
  CC      drivers/misc/mediatek/m4u/mt6785/m4u_hw.o
  CC      drivers/misc/mediatek/imgsensor/src/mt6785/../common/v1_1/imx386_mipi_mono/imx386mipimono_sensor.o
  CC      drivers/misc/mediatek/masp/asfv2/module/sec_clk.o
  AR      drivers/misc/mediatek/memory-amms/built-in.o
  CC      drivers/misc/mediatek/memory-ssmr/memory_ssmr.o
  CC      drivers/misc/mediatek/lens/main/common/bu63169af/OIS_func.o
  CC      drivers/misc/mediatek/gpu/gpu_mali/mali_bifrost/mali-r25p0/drivers/gpu/arm/midgard/mali_kbase_pm.o
  CC      drivers/misc/mediatek/gud/500/MobiCoreDriver/xen_be.o
drivers/misc/mediatek/gud/500/MobiCoreDriver/.tmp_xen_be.o: no symbols
  CC      drivers/misc/mediatek/gud/500/MobiCoreDriver/xen_common.o
  CC      drivers/misc/mediatek/lens/main/common/bu63169af/OIS_main.o
drivers/misc/mediatek/gud/500/MobiCoreDriver/.tmp_xen_common.o: no symbols
  CC      drivers/misc/mediatek/gud/500/MobiCoreDriver/xen_fe.o
  AR      drivers/misc/mediatek/imgsensor/src/mt6785/../common/v1_1/imx350_mipi_raw/built-in.o
  CC      drivers/misc/mediatek/imgsensor/src/mt6785/../common/v1_1/imx386_mipi_raw/imx386mipi_sensor.o
  AR      drivers/misc/mediatek/lens/main/common/bu6424af/built-in.o
  CC      drivers/misc/mediatek/lens/main/common/bu63169af/OIS_user.o
  CC      drivers/misc/mediatek/lens/main/common/bu64253af/BU64253AF.o
  AR      drivers/misc/mediatek/lens/main/common/bu63169af/built-in.o
  CC      drivers/misc/mediatek/masp/asfv2/mach/hacc_lib.o
  CC      drivers/misc/mediatek/lens/main/common/bu64253gwzaf/BU64253GWZAF.o
  CC      drivers/misc/mediatek/connectivity/wlan/core/gen4m/mgmt/assoc.o
  CC      drivers/misc/mediatek/connectivity/wlan/core/gen4m/mgmt/auth.o
  CC      drivers/misc/mediatek/connectivity/wlan/core/gen4m/mgmt/bss.o
  CC      drivers/misc/mediatek/masp/asfv2/mach/hacc_export.o
drivers/misc/mediatek/gud/500/MobiCoreDriver/.tmp_xen_fe.o: no symbols
  AR      drivers/misc/mediatek/gud/500/MobiCoreDriver/mcDrvModule.o
  AR      drivers/misc/mediatek/gud/500/MobiCoreDriver/built-in.o
  CC      drivers/misc/mediatek/gpu/gpu_mali/mali_bifrost/mali-r25p0/drivers/gpu/arm/midgard/mali_kbase_config.o
  AR      drivers/misc/mediatek/gud/500/built-in.o
  AR      drivers/misc/mediatek/gud/built-in.o
  AR      drivers/misc/mediatek/lens/main/common/bu64253af/built-in.o
  AR      drivers/misc/mediatek/imgsensor/src/mt6785/../common/v1_1/imx386_mipi_mono/built-in.o
  AR      drivers/misc/mediatek/memory-ssmr/built-in.o
  CC      drivers/misc/mediatek/gpu/gpu_mali/mali_bifrost/mali-r25p0/drivers/gpu/arm/midgard/mali_kbase_vinstr.o
  CC      drivers/misc/mediatek/met_drv/met_api.o
  CC      drivers/misc/mediatek/lens/main/common/bu6429af/BU6429AF.o
  AR      drivers/misc/mediatek/m4u/mt6785/built-in.o
  AR      drivers/misc/mediatek/m4u/built-in.o
  AR      drivers/misc/mediatek/lens/main/common/bu64253gwzaf/built-in.o
  CC      drivers/misc/mediatek/imgsensor/src/mt6785/../common/v1_1/imx398_mipi_raw/imx398mipiraw_Sensor.o
  CC      drivers/misc/mediatek/lens/main/common/bu64748af/bu64748_function.o
  CC      drivers/misc/mediatek/mmdvfs/swpm_me.o
  CC      drivers/misc/mediatek/masp/asfv2/mach/hacc_hk.o
  AR      drivers/misc/mediatek/lens/main/common/bu6429af/built-in.o
  CC      drivers/misc/mediatek/lens/main/common/dw9714af/DW9714AF.o
  CC      drivers/misc/mediatek/masp/asfv2/mach/hacc_sk.o
  CC      drivers/misc/mediatek/lens/main/common/bu64748af/bu64748af.o
  CC      drivers/misc/mediatek/imgsensor/src/mt6785/../common/v1_1/imx398_mipi_raw/imx398_eeprom.o
  AR      drivers/misc/mediatek/imgsensor/src/mt6785/../common/v1_1/imx386_mipi_raw/built-in.o
  CC      drivers/misc/mediatek/gpu/gpu_mali/mali_bifrost/mali-r25p0/drivers/gpu/arm/midgard/mali_kbase_hwcnt.o
  CC      drivers/misc/mediatek/lens/main/common/dw9718af/DW9718AF.o
  CC      drivers/misc/mediatek/masp/asfv2/mach/sec_lib.o
  CC      drivers/misc/mediatek/masp/asfv2/mach/mt6785/security_ao.o
  CC      drivers/misc/mediatek/mmdvfs/mmdvfs_pmqos.o
  AR      drivers/misc/mediatek/met_drv/built-in.o
  CC      drivers/misc/mediatek/connectivity/wlan/core/gen4m/mgmt/cnm.o
  AR      drivers/misc/mediatek/lens/main/common/dw9714af/built-in.o
  AR      drivers/misc/mediatek/lens/main/common/bu64748af/built-in.o
  AR      drivers/misc/mediatek/imgsensor/src/mt6785/../common/v1_1/imx398_mipi_raw/built-in.o
  CC      drivers/misc/mediatek/mmp/src/mmprofile.o
  CC      drivers/misc/mediatek/lens/main/common/dw9718saf/DW9718SAF.o
  CC      drivers/misc/mediatek/mmdvfs/mt6785/mmdvfs_plat.o
  CC      drivers/misc/mediatek/lens/main/common/dw9718taf/DW9718TAF.o
  CC      drivers/misc/mediatek/imgsensor/src/mt6785/../common/v1_1/imx471_mipi_raw1/imx471mipiraw_Sensor.o
  AR      drivers/misc/mediatek/lens/main/common/dw9718af/built-in.o
  CC      drivers/misc/mediatek/gpu/gpu_mali/mali_bifrost/mali-r25p0/drivers/gpu/arm/midgard/mali_kbase_hwcnt_backend_jm.o
  CC      drivers/misc/mediatek/gpu/gpu_mali/mali_bifrost/mali-r25p0/drivers/gpu/arm/midgard/mali_kbase_hwcnt_gpu.o
  CC      drivers/misc/mediatek/lens/main/common/dw9718taf_evenc_s5kjn103/DW9718TAF_EVENC_S5KJN103.o
  CC      drivers/misc/mediatek/gpu/gpu_mali/mali_bifrost/mali-r25p0/drivers/gpu/arm/midgard/mali_kbase_hwcnt_legacy.o
  AR      drivers/misc/mediatek/masp/sec.o
  AR      drivers/misc/mediatek/masp/built-in.o
  CC      drivers/misc/mediatek/mtprintk/mtk_printk_ctrl.o
  AR      drivers/misc/mediatek/lens/main/common/dw9718saf/built-in.o
  AR      drivers/misc/mediatek/mmdvfs/mt6785/built-in.o
  AR      drivers/misc/mediatek/lens/main/common/dw9718taf/built-in.o
  CC      drivers/misc/mediatek/lens/main/common/dw9719taf/DW9719TAF.o
  CC      drivers/misc/mediatek/lens/main/common/dw9800af/DW9800AF.o
  CC      drivers/misc/mediatek/lens/main/common/dw9763af/DW9763AF.o
  CC      drivers/misc/mediatek/gpu/gpu_mali/mali_bifrost/mali-r25p0/drivers/gpu/arm/midgard/mali_kbase_hwcnt_types.o
  AR      drivers/misc/mediatek/lens/main/common/dw9718taf_evenc_s5kjn103/built-in.o
  CC      drivers/misc/mediatek/lens/main/common/dw9800waf/DW9800WAF.o
  CC      drivers/misc/mediatek/gpu/gpu_mali/mali_bifrost/mali-r25p0/drivers/gpu/arm/midgard/mali_kbase_hwcnt_virtualizer.o
  AR      drivers/misc/mediatek/imgsensor/src/mt6785/../common/v1_1/imx471_mipi_raw1/built-in.o
  AR      drivers/misc/mediatek/lens/main/common/dw9719taf/built-in.o
  AR      drivers/misc/mediatek/mmdvfs/built-in.o
  AR      drivers/misc/mediatek/mtprintk/built-in.o
  CC      drivers/misc/mediatek/gpu/gpu_mali/mali_bifrost/mali-r25p0/drivers/gpu/arm/midgard/mali_kbase_softjobs.o
  CC      drivers/misc/mediatek/imgsensor/src/mt6785/../common/v1_1/imx471_mipi_raw2_20730/imx471mipiraw_Sensor.o
  AR      drivers/misc/mediatek/lens/main/common/dw9800af/built-in.o
  CC      drivers/misc/mediatek/lens/main/common/dw9814af/DW9814AF.o
  CC      drivers/misc/mediatek/partition/mtk_partition.o
  CC      drivers/misc/mediatek/connectivity/wlan/core/gen4m/mgmt/cnm_timer.o
  AR      drivers/misc/mediatek/lens/main/common/dw9763af/built-in.o
  CC      drivers/misc/mediatek/lens/main/common/dw9839af/DW9839AF.o
  CC      drivers/misc/mediatek/lens/main2/main2_lens.o
  AR      drivers/misc/mediatek/lens/main/common/dw9800waf/built-in.o
  CC      drivers/misc/mediatek/lens/main/common/fp5510e2af/FP5510E2AF.o
  AR      drivers/misc/mediatek/mmp/src/built-in.o
  AR      drivers/misc/mediatek/mmp/built-in.o
  CC      drivers/misc/mediatek/perf/perf_common.o
  CC      drivers/misc/mediatek/lens/main2/common/ak7371af/AK7371AF.o
  CC      drivers/misc/mediatek/gpu/gpu_mali/mali_bifrost/mali-r25p0/drivers/gpu/arm/midgard/mali_kbase_hw.o
  AR      drivers/misc/mediatek/lens/main/common/dw9814af/built-in.o
  CC      drivers/misc/mediatek/lens/main/common/fp5516af/FP5516AF.o
  AR      drivers/misc/mediatek/lens/main/common/dw9839af/built-in.o
  CC      drivers/misc/mediatek/connectivity/wlan/core/gen4m/mgmt/cnm_mem.o
  AR      drivers/misc/mediatek/partition/built-in.o
  CC      drivers/misc/mediatek/lens/main/common/gt9764af/GT9764AF.o
  CC      drivers/misc/mediatek/lens/main2/common/ak7374af/AK7374AF.o
  CC      drivers/misc/mediatek/performance/perfmgr_main.o
  AR      drivers/misc/mediatek/lens/main/common/fp5510e2af/built-in.o
  CC      drivers/misc/mediatek/lens/main/common/gt9768af/GT9768AF.o
  AR      drivers/misc/mediatek/imgsensor/src/mt6785/../common/v1_1/imx471_mipi_raw2_20730/built-in.o
  CC      drivers/misc/mediatek/imgsensor/src/mt6785/../common/v1_1/imx499_mipi_raw/imx499mipiraw_Sensor.o
  AR      drivers/misc/mediatek/lens/main2/common/ak7371af/built-in.o
  CC      drivers/misc/mediatek/lens/main2/common/bu64748af/bu64748_function.o
  CC      drivers/misc/mediatek/perf/lowmem_hint.o
  AR      drivers/misc/mediatek/lens/main/common/fp5516af/built-in.o
  CC      drivers/misc/mediatek/gpu/gpu_mali/mali_bifrost/mali-r25p0/drivers/gpu/arm/midgard/mali_kbase_debug.o
  CC      drivers/misc/mediatek/gpu/gpu_mali/mali_bifrost/mali-r25p0/drivers/gpu/arm/midgard/mali_kbase_gpu_memory_debugfs.o
  CC      drivers/misc/mediatek/lens/main/common/gt9772af/GT9772AF.o
  AR      drivers/misc/mediatek/lens/main/common/gt9764af/built-in.o
  AR      drivers/misc/mediatek/lens/main2/common/ak7374af/built-in.o
  CC      drivers/misc/mediatek/lens/main/common/gt9778af/GT9778AF.o
  CC      drivers/misc/mediatek/lens/main2/common/dw9718taf/DW9718TAF.o
  AR      drivers/misc/mediatek/lens/main/common/gt9768af/built-in.o
  CC      drivers/misc/mediatek/lens/main/common/lc898122af/LC898122AF.o
  CC      drivers/misc/mediatek/performance/base/utility.o
  CC      drivers/misc/mediatek/lens/main2/common/bu64748af/bu64748af.o
  CC      drivers/misc/mediatek/lens/main2/common/dw9800waf/DW9800WAF.o
  AR      drivers/misc/mediatek/imgsensor/src/mt6785/../common/v1_1/imx499_mipi_raw/built-in.o
  AR      drivers/misc/mediatek/lens/main/common/gt9772af/built-in.o
  CC      drivers/misc/mediatek/imgsensor/src/mt6785/../common/v1_1/imx576_mipi_raw/imx576mipiraw_Sensor.o
  AR      drivers/misc/mediatek/lens/main/common/gt9778af/built-in.o
  CC      drivers/misc/mediatek/lens/main/common/lc898212af/LC898212AF.o
  AR      drivers/misc/mediatek/perf/built-in.o
  CC      drivers/misc/mediatek/lens/main/common/lc898212xdaf/LC898212XDAF.o
  AR      drivers/misc/mediatek/lens/main2/common/dw9718taf/built-in.o
  AR      drivers/misc/mediatek/performance/base/built-in.o
  CC      drivers/misc/mediatek/lens/main/common/lc898212xdaf/AfInter.o
  CC      drivers/misc/mediatek/pidmap/pidmap.o
  CC      drivers/misc/mediatek/lens/main2/common/gt9772af/GT9772AF.o
  CC      drivers/misc/mediatek/performance/boost_ctrl/boostctrl_main.o
  CC      drivers/misc/mediatek/lens/main/common/lc898122af/OisCmd.o
  AR      drivers/misc/mediatek/lens/main2/common/bu64748af/built-in.o
  CC      drivers/misc/mediatek/gpu/gpu_mali/mali_bifrost/mali-r25p0/drivers/gpu/arm/midgard/mali_kbase_mem_linux.o
  CC      drivers/misc/mediatek/lens/main2/common/lc898212xdaf_f/LC898212XDAF_F.o
  AR      drivers/misc/mediatek/lens/main2/common/dw9800waf/built-in.o
  CC      drivers/misc/mediatek/lens/main/common/lc898122af/OisIni.o
  CC      drivers/misc/mediatek/lens/main2/common/lc898217af/LC898217AF.o
  AR      drivers/misc/mediatek/lens/main/common/lc898122af/built-in.o
  CC      drivers/misc/mediatek/lens/main2/common/lc898217afa/LC898217AFA.o
  CC      drivers/misc/mediatek/lens/main/common/lc898212xdaf/AfInit.o
  AR      drivers/misc/mediatek/lens/main2/common/gt9772af/built-in.o
  CC      drivers/misc/mediatek/connectivity/wlan/core/gen4m/mgmt/hem_mbox.o
  AR      drivers/misc/mediatek/lens/main/common/lc898212af/built-in.o
  CC      drivers/misc/mediatek/performance/boost_ctrl/cpu_ctrl/cpu_ctrl.o
  CC      drivers/misc/mediatek/lens/main2/common/lc898217afb/LC898217AFB.o
  CC      drivers/misc/mediatek/lens/main2/common/lc898217afc/LC898217AFC.o
  CC      drivers/misc/mediatek/lens/main/common/lc898214af/LC898214AF.o
  CC      drivers/misc/mediatek/lens/main/common/lc898212xdaf/AfSTMV.o
  AR      drivers/misc/mediatek/lens/main/common/lc898212xdaf/built-in.o
  AR      drivers/misc/mediatek/imgsensor/src/mt6785/../common/v1_1/imx576_mipi_raw/built-in.o
  AR      drivers/misc/mediatek/pidmap/built-in.o
  CC      drivers/misc/mediatek/lens/main/common/lc898217af/LC898217AF.o
  AR      drivers/misc/mediatek/lens/main2/common/lc898217af/built-in.o
  CC      drivers/misc/mediatek/imgsensor/src/mt6785/../common/v1_1/imx586_mipi_raw/imx586mipiraw_Sensor.o
  CC      drivers/misc/mediatek/lens/main2/common/lc898212xdaf_f/LC89821x_STMV.o
  CC      drivers/misc/mediatek/performance/boost_ctrl/dram_ctrl/dram_ctrl.o
  CC      drivers/misc/mediatek/pmic/common/upmu.o
  AR      drivers/misc/mediatek/lens/main2/common/lc898217afa/built-in.o
  AR      drivers/misc/mediatek/lens/main2/common/lc898212xdaf_f/built-in.o
  CC      drivers/misc/mediatek/pmic/common/upmu_regulator.o
  CC      drivers/misc/mediatek/lens/main3/main3_lens.o
  AR      drivers/misc/mediatek/lens/main2/common/lc898217afb/built-in.o
  CC      drivers/misc/mediatek/pmic/common/upmu_debugfs.o
  AR      drivers/misc/mediatek/lens/main2/common/lc898217afc/built-in.o
  AR      drivers/misc/mediatek/lens/main2/built-in.o
  AR      drivers/misc/mediatek/lens/main/common/lc898214af/built-in.o
  CC      drivers/misc/mediatek/lens/sub/sub_lens.o
  CC      drivers/misc/mediatek/lens/main/common/lc898217afa/LC898217AFA.o
  AR      drivers/misc/mediatek/lens/main/common/lc898217af/built-in.o
  CC      drivers/misc/mediatek/lens/main/common/lc898217afb/LC898217AFB.o
  CC      drivers/misc/mediatek/gpu/gpu_mali/mali_bifrost/mali-r25p0/drivers/gpu/arm/midgard/mali_kbase_core_linux.o
  AR      drivers/misc/mediatek/performance/boost_ctrl/dram_ctrl/built-in.o
  CC      drivers/misc/mediatek/performance/boost_ctrl/eas_ctrl/eas_ctrl.o
  CC      drivers/misc/mediatek/lens/main3/common/bu24253af/BU24253AF.o
  CC      drivers/misc/mediatek/imgsensor/src/mt6785/../common/v1_1/imx586_mipi_raw/imx586_eeprom.o
  AR      drivers/misc/mediatek/lens/main/common/lc898217afa/built-in.o
  CC      drivers/misc/mediatek/pmic/common/upmu_initial_setting.o
  CC      drivers/misc/mediatek/lens/sub/common/ak7371af/AK7371AF.o
  CC      drivers/misc/mediatek/lens/main/common/lc898217afc/LC898217AFC.o
  CC      drivers/misc/mediatek/pmic/common/upmu_lbat_service_v2.o
  AR      drivers/misc/mediatek/lens/main/common/lc898217afb/built-in.o
  CC      drivers/misc/mediatek/connectivity/wlan/core/gen4m/mgmt/mib.o
  CC      drivers/misc/mediatek/gpu/gpu_mali/mali_bifrost/mali-r25p0/drivers/gpu/arm/midgard/mali_kbase_mem_profile_debugfs.o
  CC      drivers/misc/mediatek/lens/sub/common/bu6424af/BU6424AF.o
  AR      drivers/misc/mediatek/lens/main3/common/bu24253af/built-in.o
  AR      drivers/misc/mediatek/imgsensor/src/mt6785/../common/v1_1/imx586_mipi_raw/built-in.o
  CC      drivers/misc/mediatek/lens/main3/common/gt9772af/GT9772AF.o
  CC      drivers/misc/mediatek/imgsensor/src/mt6785/../common/v1_1/imx682_mipi_raw/imx682mipiraw_Sensor.o
  AR      drivers/misc/mediatek/performance/boost_ctrl/eas_ctrl/built-in.o
  AR      drivers/misc/mediatek/lens/sub/common/ak7371af/built-in.o
  CC      drivers/misc/mediatek/performance/eara_thermal/platform/mt6785/thermal_budget_platform.o
  CC      drivers/misc/mediatek/lens/sub/common/bu6429af/BU6429AF.o
  AR      drivers/misc/mediatek/lens/main/common/lc898217afc/built-in.o
  CC      drivers/misc/mediatek/lens/main/common/lc898229af/LC898229AF.o
  AR      drivers/misc/mediatek/lens/sub/common/bu6424af/built-in.o
  CC      drivers/misc/mediatek/lens/sub2/sub2_lens.o
  CC      drivers/misc/mediatek/lens/sub/common/dw9714af/DW9714AF.o
  CC      drivers/misc/mediatek/gpu/gpu_mali/mali_bifrost/mali-r25p0/drivers/gpu/arm/midgard/mmu/mali_kbase_mmu.o
  AR      drivers/misc/mediatek/lens/main3/common/gt9772af/built-in.o
  CC      drivers/misc/mediatek/performance/eara_thermal/src/thermal_budget.o
  AR      drivers/misc/mediatek/lens/main3/built-in.o
  AR      drivers/misc/mediatek/pmic/common/built-in.o
  AR      drivers/misc/mediatek/lens/sub/common/bu6429af/built-in.o
  CC      drivers/misc/mediatek/pmic/mt6360/ldo/mt6360_ldo_i2c.o
  CC      drivers/misc/mediatek/pmic/mt6359/v1/pmic_ipi.o
  CC      drivers/misc/mediatek/lens/sub/common/dw9718af/DW9718AF.o
  AR      drivers/misc/mediatek/lens/main/common/lc898229af/built-in.o
  CC      drivers/misc/mediatek/lens/main/common/ov5645af/OV5645AF.o
  AR      drivers/misc/mediatek/lens/sub/common/dw9714af/built-in.o
  CC      drivers/misc/mediatek/lens/sub/common/dw9814af/DW9814AF.o
  AR      drivers/misc/mediatek/lens/sub2/built-in.o
  CC      drivers/misc/mediatek/gpu/gpu_mali/mali_bifrost/mali-r25p0/drivers/gpu/arm/midgard/mmu/mali_kbase_mmu_hw_direct.o
  CC      drivers/misc/mediatek/imgsensor/src/mt6785/../common/v1_1/imx682_mipi_raw/imx682_eeprom.o
  CC      drivers/misc/mediatek/lens/sub/common/lc898214af/LC898214AF.o
  CC      drivers/misc/mediatek/pmic/mt6359/v1/mt6359_gauge.o
  CC      drivers/misc/mediatek/connectivity/wlan/core/gen4m/mgmt/privacy.o
  AR      drivers/misc/mediatek/lens/sub/common/dw9718af/built-in.o
  CC      drivers/misc/mediatek/lens/sub/common/wv511aaf/WV511AAF.o
  CC      drivers/misc/mediatek/gpu/gpu_mali/mali_bifrost/mali-r25p0/drivers/gpu/arm/midgard/mmu/mali_kbase_mmu_mode_lpae.o
  AR      drivers/misc/mediatek/lens/main/common/ov5645af/built-in.o
  AR      drivers/misc/mediatek/lens/sub/common/dw9814af/built-in.o
  CC      drivers/misc/mediatek/performance/eara_thermal/src/thermal_base.o
  CC      drivers/misc/mediatek/pmic/mt6360/ldo/mt6360_ldo_regmap.o
  AR      drivers/misc/mediatek/imgsensor/src/mt6785/../common/v1_1/imx682_mipi_raw/built-in.o
  CC      drivers/misc/mediatek/lens/main/common/wv511aaf/WV511AAF.o
  AR      drivers/misc/mediatek/lens/sub/common/lc898214af/built-in.o
  CC      drivers/misc/mediatek/imgsensor/src/mt6785/../common/v1_1/ov02b1b_mipi_mono/ov02b1bmipimono_Sensor.o
  CC      drivers/misc/mediatek/performance/eara_thermal/src/thermal_prethrottle.o
  CC      drivers/misc/mediatek/gpu/gpu_mali/mali_bifrost/mali-r25p0/drivers/gpu/arm/midgard/mmu/mali_kbase_mmu_mode_aarch64.o
  AR      drivers/misc/mediatek/lens/sub/common/wv511aaf/built-in.o
  AR      drivers/misc/mediatek/lens/sub/built-in.o
  CC      drivers/misc/mediatek/performance/boost_ctrl/topo_ctrl/topo_ctrl.o
  CC      drivers/misc/mediatek/pmic/pmic_ldo_set/wl2868c.o
  AR      drivers/misc/mediatek/lens/main/common/wv511aaf/built-in.o
  AR      drivers/misc/mediatek/lens/main/built-in.o
  CC      drivers/misc/mediatek/pmic_wrap/mtk_pmic_wrap.o
  AR      drivers/misc/mediatek/pmic/mt6360/ldo/built-in.o
  CC      drivers/misc/mediatek/connectivity/wlan/core/gen4m/mgmt/rate.o
  AR      drivers/misc/mediatek/lens/built-in.o
  CC      drivers/misc/mediatek/pmic/mt6360/pmic/mt6360_pmic_i2c.o
  CC      drivers/misc/mediatek/gpu/gpu_mali/mali_bifrost/mali-r25p0/drivers/gpu/arm/midgard/mali_kbase_disjoint_events.o
  CC      drivers/misc/mediatek/power/mt6785/mtk_battery_intf.o
  CC      drivers/misc/mediatek/pmic/mt6359/v1/pmic.o
  AR      drivers/misc/mediatek/imgsensor/src/mt6785/../common/v1_1/ov02b1b_mipi_mono/built-in.o
  AR      drivers/misc/mediatek/performance/boost_ctrl/cpu_ctrl/built-in.o
  AR      drivers/misc/mediatek/performance/boost_ctrl/topo_ctrl/built-in.o
  CC      drivers/misc/mediatek/imgsensor/src/mt6785/../common/v1_1/ov64b_mipi_raw_20730/ov64bmipiraw_Sensor.o
  AR      drivers/misc/mediatek/performance/boost_ctrl/built-in.o
  CC      drivers/misc/mediatek/performance/fpsgo_v3/fpsgo_main.o
  AR      drivers/misc/mediatek/performance/eara_thermal/built-in.o
  CC      drivers/misc/mediatek/performance/perf_ioctl/perf_ioctl.o
  CC      drivers/misc/mediatek/pmic/pmic_ldo_set/fan53870.o
  CC      drivers/misc/mediatek/pmic/mt6360/pmic/mt6360_pmic_regmap.o
  CC      drivers/misc/mediatek/performance/resym/rs_trace.o
  CC      drivers/misc/mediatek/gpu/gpu_mali/mali_bifrost/mali-r25p0/drivers/gpu/arm/midgard/mali_kbase_gator_api.o
  CC      drivers/misc/mediatek/pmic_wrap/mt6785/pwrap_hal.o
  CC      drivers/misc/mediatek/performance/resym/rs_base.o
  CC      drivers/misc/mediatek/pmic/mt6359/v1/pmic_common.o
  CC      drivers/misc/mediatek/performance/fpsgo_v3/base/src/fpsgo_base.o
  AR      drivers/misc/mediatek/power/mt6785/built-in.o
  AR      drivers/misc/mediatek/performance/perf_ioctl/built-in.o
  AR      drivers/misc/mediatek/power/built-in.o
  AR      drivers/misc/mediatek/pmic/mt6360/pmic/built-in.o
  CC      drivers/misc/mediatek/performance/resym/rs_main.o
  CC      drivers/misc/mediatek/performance/syslimiter/syslimiter.o
  AR      drivers/misc/mediatek/pmic_wrap/mt6785/built-in.o
  CC      drivers/misc/mediatek/performance/resym/rs_usage.o
  AR      drivers/misc/mediatek/pmic_wrap/built-in.o
  CC      drivers/misc/mediatek/pmic/mt6360/pmu/mt6360_pmu_i2c.o
  CC      drivers/misc/mediatek/connectivity/wlan/core/gen4m/mgmt/rlm.o
  CC      drivers/misc/mediatek/pwm/mt6785/mtk_pwm_hal.o
  AR      drivers/misc/mediatek/imgsensor/src/mt6785/../common/v1_1/ov64b_mipi_raw_20730/built-in.o
  CC      drivers/misc/mediatek/ram_console/mtk_ram_console.o
  CC      drivers/misc/mediatek/imgsensor/src/mt6785/../common/v1_1/ov8856_mipi_raw/ov8856mipiraw_Sensor.o
  CC      drivers/misc/mediatek/pmic/pmic_ldo_set/pmic_ldo_set_common.o
  CC      drivers/misc/mediatek/pmic/mt6359/v1/pmic_debugfs.o
  CC      drivers/misc/mediatek/gpu/gpu_mali/mali_bifrost/mali-r25p0/drivers/gpu/arm/midgard/mali_kbase_debug_mem_view.o
  CC      drivers/misc/mediatek/performance/resym/rs_state.o
  AR      drivers/misc/mediatek/performance/syslimiter/built-in.o
  AR      drivers/misc/mediatek/pwm/mt6785/built-in.o
  CC      drivers/misc/mediatek/pwm/mtk_pwm.o
  CC      drivers/misc/mediatek/performance/tchbst/tchbst_main.o
  CC      drivers/misc/mediatek/performance/fpsgo_v3/base/src/fpsgo_sysfs.o
  CC      drivers/misc/mediatek/performance/resym/rs_index.o
  CC      drivers/misc/mediatek/pmic/mt6360/pmu/mt6360_pmu_regmap.o
  AR      drivers/misc/mediatek/pmic/pmic_ldo_set/built-in.o
  CC      drivers/misc/mediatek/pmic/mtk_battery_adc_intf.o
  CC      drivers/misc/mediatek/performance/resym/platform/mt6785/rs_vpu_pfm.o
  AR      drivers/misc/mediatek/imgsensor/src/mt6785/../common/v1_1/ov8856_mipi_raw/built-in.o
  CC      drivers/misc/mediatek/performance/resym/platform/mt6785/rs_mdla_pfm.o
  CC      drivers/misc/mediatek/imgsensor/src/mt6785/../common/v1_1/ov8856_mipi_raw2_20730/ov8856mipiraw_Sensor.o
  CC      drivers/misc/mediatek/pmic/mt6359/v1/pmic_irq.o
drivers/misc/mediatek/gpu/gpu_mali/mali_bifrost/mali-r25p0/drivers/gpu/arm/midgard/.tmp_mali_kbase_debug_mem_view.o: no symbols
  AR      drivers/misc/mediatek/performance/resym/platform/mt6785/built-in.o
  CC      drivers/misc/mediatek/gpu/gpu_mali/mali_bifrost/mali-r25p0/drivers/gpu/arm/midgard/mali_kbase_smc.o
  CC      drivers/misc/mediatek/connectivity/wlan/core/gen4m/mgmt/rlm_domain.o
  AR      drivers/misc/mediatek/performance/fpsgo_v3/base/built-in.o
  CC      drivers/misc/mediatek/performance/fpsgo_v3/composer/src/fps_composer.o
  CC      drivers/misc/mediatek/performance/tchbst/kernel/ktch.o
  CC      drivers/misc/mediatek/pmic/mt6360/pmu/mt6360_pmu_irq.o
  AR      drivers/misc/mediatek/performance/resym/built-in.o
  CC      drivers/misc/mediatek/rps/rps_perf.o
  CC      drivers/misc/mediatek/gpu/gpu_mali/mali_bifrost/mali-r25p0/drivers/gpu/arm/midgard/mali_kbase_mem_pool.o
  AR      drivers/misc/mediatek/pwm/built-in.o
  AR      drivers/misc/mediatek/ram_console/built-in.o
  CC      drivers/misc/mediatek/rt-regmap/rt-regmap.o
  CC      drivers/misc/mediatek/rtc/mtk_rtc_debug_v1.o
  CC      drivers/misc/mediatek/pmic/mt6359/v1/pmic_initial_setting.o
  AR      drivers/misc/mediatek/performance/fpsgo_v3/composer/built-in.o
  CC      drivers/misc/mediatek/performance/fpsgo_v3/fbt/platform/mt6785/fbt_cpu_platform.o
  CC      drivers/misc/mediatek/performance/fpsgo_v3/fstb/fstb.o
  AR      drivers/misc/mediatek/imgsensor/src/mt6785/../common/v1_1/ov8856_mipi_raw2_20730/built-in.o
  AR      drivers/misc/mediatek/performance/tchbst/kernel/built-in.o
  CC      drivers/misc/mediatek/connectivity/wlan/core/gen4m/mgmt/reg_rule.o
  CC      drivers/misc/mediatek/imgsensor/src/mt6785/../common/v1_1/s5k2l7_mipi_raw/s5k2l7mipiraw_Sensor.o
  CC      drivers/misc/mediatek/performance/tchbst/user/utch.o
  AR      drivers/misc/mediatek/rtc/built-in.o
  CC      drivers/misc/mediatek/performance/fpsgo_v3/fbt/src/fbt_cpu.o
  CC      drivers/misc/mediatek/sched/cputopo.o
  CC      drivers/misc/mediatek/pmic/mt6360/pmu/mt6360_pmu_subdev.o
  CC      drivers/misc/mediatek/gpu/gpu_mali/mali_bifrost/mali-r25p0/drivers/gpu/arm/midgard/mali_kbase_mem_pool_debugfs.o
  CC      drivers/misc/mediatek/pmic/mt6359/v1/pmic_api.o
  AR      drivers/misc/mediatek/performance/tchbst/user/built-in.o
  AR      drivers/misc/mediatek/rt-regmap/built-in.o
  AR      drivers/misc/mediatek/performance/tchbst/built-in.o
  AR      drivers/misc/mediatek/rps/built-in.o
  CC      drivers/misc/mediatek/smi/smi_drv.o
  CC      drivers/misc/mediatek/sensors-1.0/accelerometer/accel.o
  CC      drivers/misc/mediatek/scp/mt6785/../v01/scp_helper.o
  CC      drivers/misc/mediatek/sched/sched_ctl.o
  AR      drivers/misc/mediatek/performance/fpsgo_v3/fstb/built-in.o
  CC      drivers/misc/mediatek/sensors-1.0/alsps/alsps.o
  CC      drivers/misc/mediatek/pmic/mt6360/pmu/mt6360_pmu_core.o
  CC      drivers/misc/mediatek/gpu/gpu_mali/mali_bifrost/mali-r25p0/drivers/gpu/arm/midgard/mali_kbase_debugfs_helper.o
  CC      drivers/misc/mediatek/connectivity/wlan/core/gen4m/mgmt/rlm_obss.o
  CC      drivers/misc/mediatek/gpu/gpu_mali/mali_bifrost/mali-r25p0/drivers/gpu/arm/midgard/mali_kbase_strings.o
  CC      drivers/misc/mediatek/gpu/gpu_mali/mali_bifrost/mali-r25p0/drivers/gpu/arm/midgard/mali_kbase_as_fault_debugfs.o
  CC      drivers/misc/mediatek/pmic/mt6360/pmu/mt6360_pmu_adc.o
  CC      drivers/misc/mediatek/sensors-1.0/accelerometer/accel_factory.o
  CC      drivers/misc/mediatek/sensors-1.0/alsps/alsps_factory.o
  CC      drivers/misc/mediatek/sched/eas_plus.o
  AR      drivers/misc/mediatek/smi/built-in.o
  CC      drivers/misc/mediatek/spi_slave_drv/spi_slave.o
  CC      drivers/misc/mediatek/scp/mt6785/../v01/scp_excep.o
  CC      drivers/misc/mediatek/performance/fpsgo_v3/fbt/src/xgf.o
  CC      drivers/misc/mediatek/pmic/mt6360/pmu/mt6360_pmu_fled.o
  CC      drivers/misc/mediatek/gpu/gpu_mali/mali_bifrost/mali-r25p0/drivers/gpu/arm/midgard/mali_kbase_regs_history_debugfs.o
  CC      drivers/misc/mediatek/sensors-1.0/accelerometer/accelhub/accelhub.o
  CC      drivers/misc/mediatek/imgsensor/src/mt6785/../common/v1_1/s5k2l7_mipi_raw/s5k2l7_pdaf_cal.o
  CC      drivers/misc/mediatek/sensors-1.0/alsps/aal_control.o
  CC      drivers/misc/mediatek/scp/mt6785/../v01/scp_ipi.o
  AR      drivers/misc/mediatek/spi_slave_drv/built-in.o
  CC      drivers/misc/mediatek/connectivity/wlan/core/gen4m/mgmt/rlm_protection.o
  AR      drivers/misc/mediatek/sched/built-in.o
drivers/misc/mediatek/connectivity/wlan/core/gen4m/mgmt/.tmp_rlm_protection.o: no symbols
  CC      drivers/misc/mediatek/connectivity/wlan/core/gen4m/mgmt/rrm.o
  CC      drivers/misc/mediatek/sspm/v1/sspm_emi_mpu.o
  AR      drivers/misc/mediatek/subpmic/built-in.o
  CC      drivers/misc/mediatek/pmic/mt6360/pmu/mt6360_pmu_chg.o
  CC      drivers/misc/mediatek/sync/mtk_sync.o
drivers/misc/mediatek/gpu/gpu_mali/mali_bifrost/mali-r25p0/drivers/gpu/arm/midgard/.tmp_mali_kbase_regs_history_debugfs.o: no symbols
  CC      drivers/misc/mediatek/gpu/gpu_mali/mali_bifrost/mali-r25p0/drivers/gpu/arm/midgard/mali_power_gpu_frequency_trace.o
  AR      drivers/misc/mediatek/imgsensor/src/mt6785/../common/v1_1/s5k2l7_mipi_raw/built-in.o
  AR      drivers/misc/mediatek/sensors-1.0/accelerometer/accelhub/built-in.o
  CC      drivers/misc/mediatek/imgsensor/src/mt6785/../common/v1_1/s5k2lqsx_mipi_raw/s5k2lqsxmipiraw_Sensor.o
  AR      drivers/misc/mediatek/sensors-1.0/accelerometer/built-in.o
  CC      drivers/misc/mediatek/sensors-1.0/alsps/alspshub/alspshub.o
  CC      drivers/misc/mediatek/performance/fpsgo_v3/fbt/src/mini_top.o
drivers/misc/mediatek/gpu/gpu_mali/mali_bifrost/mali-r25p0/drivers/gpu/arm/midgard/.tmp_mali_power_gpu_frequency_trace.o: no symbols
  CC      drivers/misc/mediatek/gpu/gpu_mali/mali_bifrost/mali-r25p0/drivers/gpu/arm/midgard/thirdparty/mali_kbase_mmap.o
  CC      drivers/misc/mediatek/sspm/v1/sspm_ipi_timeout_cb.o
  AR      drivers/misc/mediatek/sync/built-in.o
  CC      drivers/misc/mediatek/scp/mt6785/../v01/scp_irq.o
  CC      drivers/misc/mediatek/tee_sanity/tee_sanity.o
  CC      drivers/misc/mediatek/thermal/mtk_thermal_monitor.o
  AR      drivers/misc/mediatek/sensors-1.0/alsps/alspshub/built-in.o
  CC      drivers/misc/mediatek/performance/fpsgo_v3/fbt/src/uboost.o
  AR      drivers/misc/mediatek/sensors-1.0/alsps/built-in.o
  CC      drivers/misc/mediatek/scp/mt6785/scp_feature_table.o
  AR      drivers/misc/mediatek/imgsensor/src/mt6785/../common/v1_1/s5k2lqsx_mipi_raw/built-in.o
  CC      drivers/misc/mediatek/sensors-1.0/gyroscope/gyroscope.o
  CC      drivers/misc/mediatek/sspm/v1/sspm_helper.o
  CC      drivers/misc/mediatek/imgsensor/src/mt6785/../common/v1_1/s5k2t7sp_mipi_raw/s5k2t7spmipiraw_Sensor.o
  CC      drivers/misc/mediatek/gpu/gpu_mali/mali_bifrost/mali-r25p0/drivers/gpu/arm/midgard/tl/mali_kbase_timeline.o
  CC      drivers/misc/mediatek/scp/mt6785/../v01/scp_logger.o
  AR      drivers/misc/mediatek/tee_sanity/built-in.o
  CC      drivers/misc/mediatek/scp/mt6785/scp_awake.o
  CC      drivers/misc/mediatek/timer/timesync/mtk_sys_timer.o
  CC      drivers/misc/mediatek/connectivity/wlan/core/gen4m/mgmt/rsn.o
  AR      drivers/misc/mediatek/performance/fpsgo_v3/fbt/built-in.o
  AR      drivers/misc/mediatek/performance/fpsgo_v3/built-in.o
  AR      drivers/misc/mediatek/performance/built-in.o
TCORE_UT_TESTS_SUPPORT = n
TCORE_PROFILING_SUPPORT = n
TCORE_PROFILING_AUTO_DUMP = n
TCORE_MEMORY_LEAK_DETECTION_SUPPORT = n
../drivers/misc/mediatek/gud/Makefile.include:2: "CONFIG_MTK_PLATFORM: "mt6785""
../drivers/misc/mediatek/gud/Makefile.include:3: "CONFIG_TRUSTONIC_TEE_VERSION: "500""
  CC      drivers/misc/mediatek/trusted_mem/dev_mgr.o
  CC      drivers/misc/mediatek/gpu/gpu_mali/mali_bifrost/mali-r25p0/drivers/gpu/arm/midgard/tl/mali_kbase_timeline_io.o
  AR      drivers/misc/mediatek/pmic/mt6360/pmu/built-in.o
  AR      drivers/misc/mediatek/pmic/mt6360/built-in.o
  AR      drivers/misc/mediatek/imgsensor/src/mt6785/../common/v1_1/s5k2t7sp_mipi_raw/built-in.o
  CC      drivers/misc/mediatek/scp/mt6785/../v01/scp_l1c.o
  CC      drivers/misc/mediatek/sensors-1.0/gyroscope/gyro_factory.o
  CC      drivers/misc/mediatek/imgsensor/src/mt6785/../common/v1_1/s5k4h7_mipi_raw/s5k4h7otp.o
  CC      drivers/misc/mediatek/timer/timesync/archcounter_timesync.o
  CC      drivers/misc/mediatek/sensors-1.0/hwmon/hwmsen/hwmsen_helper.o
  CC      drivers/misc/mediatek/sspm/v1/sspm_irq.o
  CC      drivers/misc/mediatek/thermal/mtk_cooler_shutdown.o
  CC      drivers/misc/mediatek/scp/mt6785/scp_dvfs.o
  CC      drivers/misc/mediatek/trusted_mem/entry.o
  AR      drivers/misc/mediatek/timer/timesync/built-in.o
  AR      drivers/misc/mediatek/timer/built-in.o
  CC      drivers/misc/mediatek/scp/mt6785/../v01/scp_scpctl.o
  CC      drivers/misc/mediatek/imgsensor/src/mt6785/../common/v1_1/s5k4h7_mipi_raw/s5k4h7mipiraw_Sensor.o
  CC      drivers/misc/mediatek/typec/tcpc/tcpc_mt6360.o
  CC      drivers/misc/mediatek/gpu/gpu_mali/mali_bifrost/mali-r25p0/drivers/gpu/arm/midgard/tl/mali_kbase_tlstream.o
  CC      drivers/misc/mediatek/sensors-1.0/gyroscope/gyrohub/gyrohub.o
  CC      drivers/misc/mediatek/sspm/v1/sspm_sysfs.o
  CC      drivers/misc/mediatek/thermal/mtk_cooler_backlight.o
  CC      drivers/misc/mediatek/trusted_mem/region_mgr.o
  AR      drivers/misc/mediatek/sensors-1.0/hwmon/hwmsen/built-in.o
  AR      drivers/misc/mediatek/scp/mt6785/../v01/scp.o
  AR      drivers/misc/mediatek/scp/mt6785/../v01/built-in.o
  CC      drivers/misc/mediatek/sensors-1.0/hwmon/sensor_attributes/sensor_attr.o
  AR      drivers/misc/mediatek/scp/mt6785/built-in.o
  AR      drivers/misc/mediatek/scp/built-in.o
  CC      drivers/misc/mediatek/usb_boost/usb_boost.o
  CC      drivers/misc/mediatek/thermal/mtk_cooler_kshutdown.o
  CC      drivers/misc/mediatek/vibrator/vibrator_drv.o
  CC      drivers/misc/mediatek/sspm/v1/sspm_reservedmem.o
  CC      drivers/misc/mediatek/gpu/gpu_mali/mali_bifrost/mali-r25p0/drivers/gpu/arm/midgard/tl/mali_kbase_tracepoints.o
  AR      drivers/misc/mediatek/imgsensor/src/mt6785/../common/v1_1/s5k4h7_mipi_raw/built-in.o
  CC      drivers/misc/mediatek/trusted_mem/ssmr_mgr.o
  AR      drivers/misc/mediatek/sensors-1.0/gyroscope/gyrohub/built-in.o
  CC      drivers/misc/mediatek/imgsensor/src/mt6785/../common/v1_1/s5kgm1sp_mipi_raw/s5kgm1spmipiraw_Sensor.o
  AR      drivers/misc/mediatek/sensors-1.0/gyroscope/built-in.o
  CC      drivers/misc/mediatek/connectivity/wlan/core/gen4m/mgmt/saa_fsm.o
  CC      drivers/misc/mediatek/sensors-1.0/magnetometer/mag.o
  AR      drivers/misc/mediatek/sensors-1.0/hwmon/sensor_attributes/built-in.o
  CC      drivers/misc/mediatek/thermal/mtk_cooler_cam.o
  CC      drivers/misc/mediatek/sensors-1.0/hwmon/sensor_dts/sensor_dts.o
  CC      drivers/misc/mediatek/usb_boost/v1/usb_boost_plat.o
  CC      drivers/misc/mediatek/trusted_mem/peer_mgr.o
  CC      drivers/misc/mediatek/vibrator/mt6785/vibrator.o
  CC      drivers/misc/mediatek/pmic/mt6359/v1/pmic_auxadc.o
  CC      drivers/misc/mediatek/typec/tcpc/tcpci_core.o
  CC      drivers/misc/mediatek/gpu/gpu_mali/mali_bifrost/mali-r25p0/drivers/gpu/arm/midgard/gpu/mali_kbase_gpu.o
  AR      drivers/misc/mediatek/imgsensor/src/mt6785/../common/v1_1/s5kgm1sp_mipi_raw/built-in.o
  CC      drivers/misc/mediatek/sspm/v1/sspm_plt.o
  AR      drivers/misc/mediatek/usb_boost/v1/built-in.o
  AR      drivers/misc/mediatek/usb_boost/built-in.o
  AR      drivers/misc/mediatek/sensors-1.0/hwmon/sensor_dts/built-in.o
  CC      drivers/misc/mediatek/trusted_mem/proc.o
  CC      drivers/misc/mediatek/imgsensor/src/mt6785/../common/v1_1/sala_ov02b10_mipi_raw/ov02b10mipiraw_Sensor.o
  AR      drivers/misc/mediatek/vibrator/mt6785/built-in.o
  CC      drivers/misc/mediatek/sensors-1.0/hwmon/sensor_event/sensor_event.o
  CC      drivers/misc/mediatek/thermal/common/mtk_thermal_platform.o
  AR      drivers/misc/mediatek/vibrator/built-in.o
  CC      drivers/misc/mediatek/sensors-1.0/magnetometer/mag_factory.o
  CC      drivers/misc/mediatek/video/common/aal30/ddp_aal.o
  CC      drivers/misc/mediatek/vow/ver01/vow.o
  CC      drivers/misc/mediatek/trusted_mem/alloc_api.o
  CC      drivers/misc/mediatek/gpu/gpu_mali/mali_bifrost/mali-r25p0/drivers/gpu/arm/midgard/mali_kbase_trace_gpu_mem.o
  CC      drivers/misc/mediatek/connectivity/wlan/core/gen4m/mgmt/scan.o
  CC      drivers/misc/mediatek/sspm/v1/sspm_mbox.o
  AR      drivers/misc/mediatek/sensors-1.0/hwmon/sensor_event/built-in.o
  CC      drivers/misc/mediatek/sensors-1.0/magnetometer/maghub/maghub.o
  CC      drivers/misc/mediatek/sensors-1.0/hwmon/sensor_list/sensor_list.o
  CC      drivers/misc/mediatek/pmic/mt6359/v1/regulator_codegen.o
  CC      drivers/misc/mediatek/typec/tcpc/tcpci_typec.o
  CC      drivers/misc/mediatek/thermal/common/ap_thermal_limit.o
  AR      drivers/misc/mediatek/imgsensor/src/mt6785/../common/v1_1/sala_ov02b10_mipi_raw/built-in.o
  CC      drivers/misc/mediatek/trusted_mem/mpu_vio_checker.o
  CC      drivers/misc/mediatek/imgsensor/src/mt6785/../common/v1_1/sala_wide_ov8856/ov8856mipiraw_Sensor.o
  CC      drivers/misc/mediatek/gpu/gpu_mali/mali_bifrost/mali-r25p0/drivers/gpu/arm/midgard/mali_kbase_dummy_job_wa.o
  AR      drivers/misc/mediatek/video/common/aal30/built-in.o
  AR      drivers/misc/mediatek/sensors-1.0/hwmon/sensor_list/built-in.o
  CC      drivers/misc/mediatek/vow/ver01/vow_scp.o
  CC      drivers/misc/mediatek/video/common/color20/ddp_color.o
  CC      drivers/misc/mediatek/sensors-1.0/hwmon/sensor_performance/sensor_performance.o
  AR      drivers/misc/mediatek/vow/ver01/mtk-vow.o
  CC      drivers/misc/mediatek/sspm/v1/sspm_ipi_mbox.o
  AR      drivers/misc/mediatek/sensors-1.0/magnetometer/maghub/built-in.o
  AR      drivers/misc/mediatek/sensors-1.0/magnetometer/built-in.o
  AR      drivers/misc/mediatek/vow/ver01/built-in.o
  AR      drivers/misc/mediatek/vow/built-in.o
  CC      drivers/misc/mediatek/pmic/mt6359/v1/pmic_lp_api.o
  CC      drivers/misc/mediatek/vpu/3.0/vpu_drv.o
  CC      drivers/misc/mediatek/typec/tcpc/tcpci_timer.o
  CC      drivers/misc/mediatek/trusted_mem/tee_devices.o
drivers/misc/mediatek/sensors-1.0/hwmon/sensor_performance/.tmp_sensor_performance.o: no symbols
  AR      drivers/misc/mediatek/sensors-1.0/hwmon/sensor_performance/built-in.o
  AR      drivers/misc/mediatek/sensors-1.0/hwmon/built-in.o
  CC      drivers/misc/mediatek/sensors-1.0/oplus_sensor_devinfo/sensor_devinfo.o
  CC      drivers/misc/mediatek/gpu/gpu_mali/mali_bifrost/mali-r25p0/drivers/gpu/arm/midgard/mali_kbase_debug_job_fault.o
  AR      drivers/misc/mediatek/imgsensor/src/mt6785/../common/v1_1/sala_wide_ov8856/built-in.o
  CC      drivers/misc/mediatek/thermal/common/coolers/mtk_ta.o
  CC      drivers/misc/mediatek/imgsensor/src/mt6785/../common/v1_1/salaa_qtech_main_s5kgm1sp/s5kgm1spmipiraw_Sensor.o
  CC      drivers/misc/mediatek/pmic/mt6359/v1/pmic_efuse.o
  CC      drivers/misc/mediatek/trusted_mem/tee_impl/tee_invoke.o
  CC      drivers/misc/mediatek/pmic/mt6359/v1/pmic_throttling_dlpt.o
  CC      drivers/misc/mediatek/sspm/v1/sspm_logger_impl.o
  CC      drivers/misc/mediatek/typec/tcpc/tcpm.o
  AR      drivers/misc/mediatek/video/common/color20/built-in.o
  CC      drivers/misc/mediatek/video/common/corr10/ddp_dither.o
  CC      drivers/misc/mediatek/thermal/mt6785/src/mtk_lvts_tc.o
  CC      drivers/misc/mediatek/vpu/3.0/vpu_algo.o
  CC      drivers/misc/mediatek/connectivity/wlan/core/gen4m/mgmt/scan_fsm.o
  CC      drivers/misc/mediatek/gpu/gpu_mali/mali_bifrost/mali-r25p0/drivers/gpu/arm/midgard/mali_kbase_event.o
  CC      drivers/misc/mediatek/trusted_mem/tee_impl/tee_ops.o
  AR      drivers/misc/mediatek/sensors-1.0/oplus_sensor_devinfo/built-in.o
  CC      drivers/misc/mediatek/sensors-1.0/oplus_virtual_sensor/virtual_sensor.o
  AR      drivers/misc/mediatek/imgsensor/src/mt6785/../common/v1_1/salaa_qtech_main_s5kgm1sp/built-in.o
  CC      drivers/misc/mediatek/thermal/common/coolers/mtk_cooler_mutt.o
  CC      drivers/misc/mediatek/imgsensor/src/mt6785/camera_hw/gpio/gpio.o
  CC      drivers/misc/mediatek/sspm/v1/sspm_timesync.o
  CC      drivers/misc/mediatek/typec/tcpc/tcpci.o
  CC      drivers/misc/mediatek/vpu/3.0/vpu_dbg.o
  CC      drivers/misc/mediatek/trusted_mem/mtee_devices.o
  AR      drivers/misc/mediatek/pmic/mt6359/v1/built-in.o
  AR      drivers/misc/mediatek/pmic/mt6359/built-in.o
  CC      drivers/misc/mediatek/gpu/gpu_mali/mali_bifrost/mali-r25p0/drivers/gpu/arm/midgard/mali_kbase_jd.o
  AR      drivers/misc/mediatek/pmic/built-in.o
  CC      drivers/misc/mediatek/video/common/corr10/ddp_gamma.o
  CC      drivers/misc/mediatek/zone_movable_cma/single_cma.o
  CC      drivers/misc/mediatek/sensors-1.0/oplus_virtual_sensor/platform/sensor_cmd/sensor_cmd.o
  AR      drivers/misc/mediatek/imgsensor/src/mt6785/camera_hw/gpio/built-in.o
  AR      drivers/misc/mediatek/sspm/v1/built-in.o
  CC      drivers/misc/mediatek/thermal/mt6785/src/mtk_tc.o
  AR      drivers/misc/mediatek/sspm/built-in.o
  CC      drivers/misc/mediatek/imgsensor/src/mt6785/camera_hw/mclk/mclk.o
  CC      drivers/misc/mediatek/imgsensor/src/mt6785/camera_hw/regulator/regulator.o
  CC      drivers/misc/mediatek/trusted_mem/mtee_impl/mtee_ops.o
  CC      drivers/misc/mediatek/vpu/3.0/vpu_pool.o
  CC      drivers/misc/mediatek/typec/tcpc/pd_dbg_info.o
  CC      drivers/misc/mediatek/thermal/common/coolers/mtk_cooler_bcct_v1.o
  CC      drivers/misc/mediatek/zone_movable_cma/zmc_notify.o
  AR      drivers/misc/mediatek/sensors-1.0/oplus_virtual_sensor/platform/sensor_cmd/built-in.o
  CC      drivers/misc/mediatek/sensors-1.0/oplus_virtual_sensor/platform/sensor_device/oplus_sensor_attr.o
  CC      drivers/misc/mediatek/connectivity/wlan/core/gen4m/mgmt/scan_cache.o
  CC      drivers/misc/mediatek/gpu/gpu_mali/mali_bifrost/mali-r25p0/drivers/gpu/arm/midgard/mali_kbase_jd_debugfs.o
  AR      drivers/misc/mediatek/vpu/3.0/built-in.o
  AR      drivers/misc/mediatek/zone_movable_cma/built-in.o
drivers/misc/mediatek/typec/tcpc/.tmp_pd_dbg_info.o: no symbols
  CC      drivers/misc/mediatek/thermal/mt6785/src/mtk_tc_wrapper.o
  CC      drivers/misc/mediatek/typec/tcpc/tcpci_alert.o
drivers/misc/mediatek/gpu/gpu_mali/mali_bifrost/mali-r25p0/drivers/gpu/arm/midgard/.tmp_mali_kbase_jd_debugfs.o: no symbols
  CC      drivers/misc/mediatek/trusted_mem/mtee_impl/mtee_invoke.o
  CC      drivers/misc/mediatek/gpu/gpu_mali/mali_bifrost/mali-r25p0/drivers/gpu/arm/midgard/mali_kbase_js.o
  CC      drivers/misc/mediatek/vpu/mt6785/vpu_hw.o
  AR      drivers/misc/mediatek/imgsensor/src/mt6785/camera_hw/regulator/built-in.o
  AR      drivers/misc/mediatek/imgsensor/src/mt6785/camera_hw/mclk/built-in.o
  AR      drivers/misc/mediatek/video/common/corr10/built-in.o
  CC      drivers/misc/mediatek/imgsensor/src/mt6785/camera_hw/wl2864/wl2864.o
  CC      drivers/misc/mediatek/thermal/common/thermal_zones/mtk_ts_ntc_cust.o
  CC      drivers/misc/mediatek/video/common/layering_rule_base/v1.2/layering_rule_base.o
  AR      drivers/misc/mediatek/sensors-1.0/oplus_virtual_sensor/platform/sensor_device/built-in.o
  CC      drivers/misc/mediatek/sensors-1.0/oplus_virtual_sensor/platform/sensor_event/oplus_sensor_event.o
  CC      drivers/misc/mediatek/thermal/mt6785/src/mtk_thermal_ipi.o
  AR      drivers/misc/mediatek/trusted_mem/trusted_mem.o
  CC      drivers/misc/mediatek/thermal/common/coolers/mtk_cooler_atm.o
  AR      drivers/misc/mediatek/trusted_mem/tee_impl.o
  CC      drivers/misc/mediatek/thermal/common/thermal_zones/mtk_ts_battery.o
  CC      drivers/misc/mediatek/typec/tcpc/rt_pd_manager.o
  AR      drivers/misc/mediatek/trusted_mem/mtee_impl.o
  AR      drivers/misc/mediatek/trusted_mem/built-in.o
  CC      drivers/misc/mediatek/typec/u3_switch/usb_switch.o
  CC      drivers/misc/mediatek/thermal/mt6785/src/mtk_pmic_efuse.o
  AR      drivers/misc/mediatek/imgsensor/src/mt6785/camera_hw/wl2864/built-in.o
  CC      drivers/misc/mediatek/imgsensor/src/mt6785/camera_hw/imgsensor_cfg_table.o
  AR      drivers/misc/mediatek/sensors-1.0/oplus_virtual_sensor/platform/sensor_event/built-in.o
  AR      drivers/misc/mediatek/sensors-1.0/oplus_virtual_sensor/platform/built-in.o
  CC      drivers/misc/mediatek/sensors-1.0/oplus_virtual_sensor/sensors/camera_protecthub/camera_protecthub.o
  CC      drivers/misc/mediatek/typec/tcpc/tcpci_event.o
  CC      drivers/misc/mediatek/thermal/mt6785/src/mtk_ts_6359vcore.o
  CC      drivers/misc/mediatek/gpu/gpu_mali/mali_bifrost/mali-r25p0/drivers/gpu/arm/midgard/mali_kbase_js_ctx_attr.o
  AR      drivers/misc/mediatek/typec/u3_switch/built-in.o
  CC      drivers/misc/mediatek/thermal/common/thermal_zones/mtk_ts_bts.o
  CC      drivers/misc/mediatek/connectivity/wlan/core/gen4m/mgmt/swcr.o
  CC      drivers/misc/mediatek/thermal/mt6785/src/mtk_ts_6359vproc.o
  CC      drivers/misc/mediatek/sensors-1.0/sensorHub/SCP_nanoHub/SCP_nanoHub.o
  AR      drivers/misc/mediatek/imgsensor/src/mt6785/camera_hw/built-in.o
  CC      drivers/misc/mediatek/imgsensor/src/mt6785/imx519_mipi_raw/imx519mipiraw_Sensor.o
  AR      drivers/misc/mediatek/sensors-1.0/oplus_virtual_sensor/sensors/camera_protecthub/built-in.o
  CC      drivers/misc/mediatek/sensors-1.0/oplus_virtual_sensor/sensors/elevator_detecthub/elevator_detecthub.o
  CC      drivers/misc/mediatek/thermal/common/coolers/mtk_cooler_dtm.o
  CC      drivers/misc/mediatek/vpu/mt6785/vpu_reg.o
  CC      drivers/misc/mediatek/typec/tcpc/pd_core.o
  CC      drivers/misc/mediatek/gpu/gpu_mali/mali_bifrost/mali-r25p0/drivers/gpu/arm/midgard/mali_kbase_kinstr_jm.o
  CC      drivers/misc/mediatek/vpu/mt6785/apu_dvfs.o
  CC      drivers/misc/mediatek/thermal/mt6785/src/mtk_ts_6359vgpu.o
  CC      drivers/misc/mediatek/thermal/common/thermal_zones/mtk_ts_btsmdpa.o
  AR      drivers/misc/mediatek/sensors-1.0/oplus_virtual_sensor/sensors/elevator_detecthub/built-in.o
  CC      drivers/misc/mediatek/sensors-1.0/oplus_virtual_sensor/sensors/fp_displayhub/fp_displayhub.o
  CC      drivers/misc/mediatek/imgsensor/src/mt6785/imx519_mipi_raw/imx519_eeprom.o
  CC      drivers/misc/mediatek/vpu/mt6785/apu_dvfs_sysfs.o
  CC      drivers/misc/mediatek/thermal/common/coolers/mtk_cooler_sysrst.o
  AR      drivers/misc/mediatek/sensors-1.0/sensorHub/SCP_nanoHub/built-in.o
  CC      drivers/misc/mediatek/sensors-1.0/sensorHub/SCP_power_monitor/SCP_power_monitor.o
  CC      drivers/misc/mediatek/typec/tcpc/pd_policy_engine.o
  CC      drivers/misc/mediatek/connectivity/wlan/core/gen4m/mgmt/roaming_fsm.o
  CC      drivers/misc/mediatek/gpu/gpu_mali/mali_bifrost/mali-r25p0/drivers/gpu/arm/midgard/debug/backend/mali_kbase_debug_ktrace_jm.o
  AR      drivers/misc/mediatek/video/common/layering_rule_base/v1.2/built-in.o
  CC      drivers/misc/mediatek/thermal/mt6785/src/mtk_ts_6359tsx.o
  AR      drivers/misc/mediatek/video/common/layering_rule_base/built-in.o
  AR      drivers/misc/mediatek/imgsensor/src/mt6785/imx519_mipi_raw/built-in.o
  CC      drivers/misc/mediatek/video/common/pwm10/ddp_pwm.o
  CC      drivers/misc/mediatek/thermal/mt6785/src/mtk_ts_6359dcxo.o
  AR      drivers/misc/mediatek/sensors-1.0/oplus_virtual_sensor/sensors/fp_displayhub/built-in.o
  CC      drivers/misc/mediatek/imgsensor/src/mt6785/s5khm2sp_mipi_raw/s5khm2spmipiraw_Sensor.o
  CC      drivers/misc/mediatek/thermal/common/thermal_zones/mtk_ts_chg_mos.o
  CC      drivers/misc/mediatek/sensors-1.0/oplus_virtual_sensor/sensors/free_fallhub/free_fallhub.o
  CC      drivers/misc/mediatek/thermal/common/coolers/mtk_cooler_VR_FPS.o
  CC      drivers/misc/mediatek/vpu/mt6785/vpu_profile.o
  AR      drivers/misc/mediatek/sensors-1.0/sensorHub/SCP_power_monitor/built-in.o
  AR      drivers/misc/mediatek/sensors-1.0/sensorHub/built-in.o
  CC      drivers/misc/mediatek/sensors-1.0/sensorfusion/fusion.o
  CC      drivers/misc/mediatek/typec/tcpc/pd_process_evt.o
drivers/misc/mediatek/gpu/gpu_mali/mali_bifrost/mali-r25p0/drivers/gpu/arm/midgard/debug/backend/.tmp_mali_kbase_debug_ktrace_jm.o: no symbols
  CC      drivers/misc/mediatek/gpu/gpu_mali/mali_bifrost/mali-r25p0/drivers/gpu/arm/midgard/device/backend/mali_kbase_device_jm.o
  CC      drivers/misc/mediatek/sensors-1.0/sensorfusion/uncali_acchub/uncali_acchub.o
  AR      drivers/misc/mediatek/thermal/common/coolers/built-in.o
  CC      drivers/misc/mediatek/thermal/common/thermal_zones/mtk_ts_cpu_noBank.o
  AR      drivers/misc/mediatek/sensors-1.0/oplus_virtual_sensor/sensors/free_fallhub/built-in.o
  CC      drivers/misc/mediatek/sensors-1.0/oplus_virtual_sensor/sensors/lux_aodhub/lux_aodhub.o
  CC      drivers/misc/mediatek/vpu/mt6785/vpu_dump.o
  CC      drivers/misc/mediatek/thermal/common/thermal_zones/mtk_ts_pa.o
  AR      drivers/misc/mediatek/thermal/mt6785/src/built-in.o
  CC      drivers/misc/mediatek/typec/tcpc/pd_dpm_core.o
  AR      drivers/misc/mediatek/thermal/mt6785/built-in.o
  CC      drivers/misc/mediatek/typec/tcpc/pd_dpm_uvdm.o
  CC      drivers/misc/mediatek/sensors-1.0/sensorfusion/uncali_gyrohub/uncali_gyrohub.o
  AR      drivers/misc/mediatek/imgsensor/src/mt6785/s5khm2sp_mipi_raw/built-in.o
  AR      drivers/misc/mediatek/video/common/pwm10/built-in.o
  AR      drivers/misc/mediatek/video/common/built-in.o
  CC      drivers/misc/mediatek/imgsensor/src/mt6785/seninf/seninf_clk.o
../drivers/misc/mediatek/gud/Makefile.include:2: "CONFIG_MTK_PLATFORM: "mt6785""
../drivers/misc/mediatek/gud/Makefile.include:3: "CONFIG_TRUSTONIC_TEE_VERSION: "500""
../drivers/misc/mediatek/gud/Makefile.include:2: "CONFIG_MTK_PLATFORM: "mt6785""
../drivers/misc/mediatek/gud/Makefile.include:3: "CONFIG_TRUSTONIC_TEE_VERSION: "500""
  CC      drivers/misc/mediatek/video/mt6785/dispsys/ddp_ovl.o
  CC      drivers/misc/mediatek/connectivity/wlan/core/gen4m/mgmt/tkip_mic.o
  AR      drivers/misc/mediatek/sensors-1.0/sensorfusion/uncali_acchub/built-in.o
  CC      drivers/misc/mediatek/gpu/gpu_mali/mali_bifrost/mali-r25p0/drivers/gpu/arm/midgard/gpu/backend/mali_kbase_gpu_fault_jm.o
  CC      drivers/misc/mediatek/sensors-1.0/sensorfusion/uncali_maghub/uncali_maghub.o
  AR      drivers/misc/mediatek/sensors-1.0/oplus_virtual_sensor/sensors/lux_aodhub/built-in.o
drivers/misc/mediatek/typec/tcpc/.tmp_pd_dpm_uvdm.o: no symbols
  CC      drivers/misc/mediatek/typec/tcpc/pd_dpm_alt_mode_dp.o
  CC      drivers/misc/mediatek/sensors-1.0/oplus_virtual_sensor/sensors/oplus_activity_recognitionhub/oplus_activity_recognitionhub.o
  CC      drivers/misc/mediatek/vpu/mt6785/vpu_qos.o
  AR      drivers/misc/mediatek/sensors-1.0/sensorfusion/uncali_gyrohub/built-in.o
  CC      drivers/misc/mediatek/thermal/common/mtk_thermal_timer.o
  AR      drivers/misc/mediatek/imgsensor/src/mt6785/seninf/built-in.o
  AR      drivers/misc/mediatek/imgsensor/src/mt6785/built-in.o
  AR      drivers/misc/mediatek/imgsensor/src/built-in.o
  CC      drivers/misc/mediatek/sensors-1.0/oplus_virtual_sensor/sensors/pedo_minutehub/pedo_minutehub.o
  CC      drivers/misc/mediatek/sensors-1.0/oplus_virtual_sensor/sensors/pickup_detecthub/pickup_detecthub.o
  CC      drivers/misc/mediatek/thermal/common/thermal_zones/mtk_ts_pa_thput.o
  AR      drivers/misc/mediatek/sensors-1.0/sensorfusion/uncali_maghub/built-in.o
  AR      drivers/misc/mediatek/sensors-1.0/sensorfusion/built-in.o
  CC      drivers/misc/mediatek/sensors-1.0/oplus_virtual_sensor/sensors/tp_gesturehub/tp_gesturehub.o
drivers/misc/mediatek/typec/tcpc/.tmp_pd_dpm_alt_mode_dp.o: no symbols
  CC      drivers/misc/mediatek/gpu/gpu_mali/mali_bifrost/mali-r25p0/drivers/gpu/arm/midgard/tl/backend/mali_kbase_timeline_jm.o
  CC      drivers/misc/mediatek/typec/tcpc/pd_dpm_pdo_select.o
  AR      drivers/misc/mediatek/vpu/mt6785/built-in.o
  CC      drivers/misc/mediatek/sensors-1.0/situation/situation.o
  AR      drivers/misc/mediatek/sensors-1.0/oplus_virtual_sensor/sensors/oplus_activity_recognitionhub/built-in.o
  CC      drivers/misc/mediatek/video/mt6785/dispsys/ddp_ovl_wcg.o
  AR      drivers/misc/mediatek/vpu/built-in.o
  CC      drivers/misc/mediatek/connectivity/wlan/core/gen4m/mgmt/hs20.o
  CC      drivers/misc/mediatek/thermal/common/thermal_zones/mtk_ts_pmic.o
  AR      drivers/misc/mediatek/sensors-1.0/oplus_virtual_sensor/sensors/pedo_minutehub/built-in.o
  CC      drivers/misc/mediatek/typec/tcpc/pd_dpm_reaction.o
  AR      drivers/misc/mediatek/sensors-1.0/oplus_virtual_sensor/sensors/pickup_detecthub/built-in.o
  CC      drivers/misc/mediatek/thermal/common/thermal_zones/mtk_ts_charger.o
  CC      drivers/misc/mediatek/typec/tcpc/pd_process_evt_snk.o
  AR      drivers/misc/mediatek/sensors-1.0/oplus_virtual_sensor/sensors/tp_gesturehub/built-in.o
  AR      drivers/misc/mediatek/sensors-1.0/oplus_virtual_sensor/sensors/built-in.o
  CC      drivers/misc/mediatek/gpu/gpu_mali/mali_bifrost/mali-r25p0/drivers/gpu/arm/midgard/mmu/backend/mali_kbase_mmu_jm.o
  AR      drivers/misc/mediatek/sensors-1.0/oplus_virtual_sensor/built-in.o
  CC      drivers/misc/mediatek/sensors-1.0/step_counter/step_counter.o
  CC      drivers/misc/mediatek/connectivity/wlan/core/gen4m/mgmt/tdls.o
  CC      drivers/misc/mediatek/video/mt6785/dispsys/ddp_rdma_ex.o
  CC      drivers/misc/mediatek/video/mt6785/dispsys/ddp_wdma_ex.o
  CC      drivers/misc/mediatek/sensors-1.0/situation/device_orientation/device_orientation.o
  CC      drivers/misc/mediatek/thermal/common/thermal_zones/mtk_ts_wmt.o
  CC      drivers/misc/mediatek/typec/tcpc/pd_process_evt_src.o
  CC      drivers/misc/mediatek/thermal/common/thermal_zones/mtk_tsAll.o
  CC      drivers/misc/mediatek/video/mt6785/dispsys/ddp_dsi.o
  CC      drivers/misc/mediatek/typec/tcpc/pd_process_evt_vdm.o
  CC      drivers/misc/mediatek/gpu/gpu_mali/mali_bifrost/mali-r25p0/drivers/gpu/arm/midgard/context/backend/mali_kbase_context_jm.o
  CC      drivers/misc/mediatek/sensors-1.0/step_counter/stepsignhub/stepsignhub.o
  AR      drivers/misc/mediatek/sensors-1.0/situation/device_orientation/built-in.o
  CC      drivers/misc/mediatek/sensors-1.0/situation/glance_gesture/glance_gesture.o
  CC      drivers/misc/mediatek/connectivity/wlan/core/gen4m/mgmt/wnm.o
  CC      drivers/misc/mediatek/sensors-1.0/situation/motion_detect/motion_detect.o
  CC      drivers/misc/mediatek/typec/tcpc/pd_process_evt_drs.o
  CC      drivers/misc/mediatek/thermal/common/thermal_zones/mtk_ts_imgsensor.o
  CC      drivers/misc/mediatek/video/mt6785/dispsys/ddp_clkmgr.o
  CC      drivers/misc/mediatek/video/mt6785/dispsys/ddp_rsz.o
  AR      drivers/misc/mediatek/sensors-1.0/step_counter/stepsignhub/built-in.o
  AR      drivers/misc/mediatek/sensors-1.0/situation/motion_detect/built-in.o
  AR      drivers/misc/mediatek/sensors-1.0/situation/glance_gesture/built-in.o
  AR      drivers/misc/mediatek/sensors-1.0/step_counter/built-in.o
  CC      drivers/misc/mediatek/typec/tcpc/pd_process_evt_prs.o
  CC      drivers/misc/mediatek/sensors-1.0/situation/stationary/stationary.o
  CC      drivers/misc/mediatek/sensors-1.0/situation/pickup_gesture/pickup_gesture.o
  CC      drivers/misc/mediatek/gpu/gpu_mali/mali_bifrost/mali-r25p0/drivers/gpu/arm/midgard/mali_gputrace.o
  CC      drivers/misc/mediatek/typec/tcpc/pd_process_evt_vcs.o
  CC      drivers/misc/mediatek/connectivity/wlan/core/gen4m/mgmt/qosmap.o
  CC      drivers/misc/mediatek/typec/tcpc/pd_process_evt_dbg.o
drivers/misc/mediatek/gpu/gpu_mali/mali_bifrost/mali-r25p0/drivers/gpu/arm/midgard/.tmp_mali_gputrace.o: no symbols
  CC      drivers/misc/mediatek/gpu/gpu_mali/mali_bifrost/mali-r25p0/drivers/gpu/arm/midgard/platform/mt6785/mali_kbase_config_mt6785.o
  CC      drivers/misc/mediatek/typec/tcpc/pd_process_evt_tcp.o
  AR      drivers/misc/mediatek/sensors-1.0/situation/pickup_gesture/built-in.o
  CC      drivers/misc/mediatek/connectivity/wlan/core/gen4m/mgmt/ap_selection.o
  CC      drivers/misc/mediatek/sensors-1.0/situation/tilt_detector/tiltdetecthub.o
  CC      drivers/misc/mediatek/typec/tcpc/pd_process_evt_com.o
drivers/misc/mediatek/typec/tcpc/.tmp_pd_process_evt_dbg.o: no symbols
  CC      drivers/misc/mediatek/typec/tcpc/pd_policy_engine_src.o
  AR      drivers/misc/mediatek/sensors-1.0/situation/stationary/built-in.o
  CC      drivers/misc/mediatek/typec/tcpc/pd_policy_engine_snk.o
  CC      drivers/misc/mediatek/video/mt6785/dispsys/ddp_postmask.o
  CC      drivers/misc/mediatek/connectivity/wlan/core/gen4m/mgmt/wmm.o
  CC      drivers/misc/mediatek/gpu/gpu_mali/mali_bifrost/mali-r25p0/drivers/gpu/arm/midgard/platform/mt6785/mali_kbase_cpu_mt6785.o
  CC      drivers/misc/mediatek/typec/tcpc/pd_policy_engine_ufp.o
  AR      drivers/misc/mediatek/thermal/common/thermal_zones/built-in.o
  AR      drivers/misc/mediatek/thermal/common/built-in.o
  AR      drivers/misc/mediatek/sensors-1.0/situation/tilt_detector/built-in.o
  AR      drivers/misc/mediatek/thermal/built-in.o
  CC      drivers/misc/mediatek/gpu/gpu_mali/mali_bifrost/mali-r25p0/drivers/gpu/arm/midgard/mali_kbase_sync_file.o
  CC      drivers/misc/mediatek/sensors-1.0/situation/wake_gesture/wake_gesture.o
  CC      drivers/misc/mediatek/typec/tcpc/pd_policy_engine_vcs.o
  CC      drivers/misc/mediatek/typec/tcpc/pd_policy_engine_dfp.o
  CC      drivers/misc/mediatek/typec/tcpc/pd_policy_engine_dr.o
  CC      drivers/misc/mediatek/typec/tcpc/pd_policy_engine_drs.o
  CC      drivers/misc/mediatek/video/mt6785/dispsys/ddp_drv.o
  CC      drivers/misc/mediatek/gpu/gpu_mali/mali_bifrost/mali-r25p0/drivers/gpu/arm/midgard/mali_kbase_sync_common.o
  CC      drivers/misc/mediatek/typec/tcpc/pd_policy_engine_prs.o
  CC      drivers/misc/mediatek/typec/tcpc/pd_policy_engine_dbg.o
  AR      drivers/misc/mediatek/sensors-1.0/situation/wake_gesture/built-in.o
  AR      drivers/misc/mediatek/sensors-1.0/situation/built-in.o
  AR      drivers/misc/mediatek/sensors-1.0/built-in.o
  CC      drivers/misc/mediatek/typec/tcpc/pd_policy_engine_com.o
  CC      drivers/misc/mediatek/typec/tcpc/pd_dpm_alt_mode_dc.o
  CC      drivers/misc/mediatek/video/mt6785/videox/mtkfb_console.o
  CC      drivers/misc/mediatek/gpu/gpu_mali/mali_bifrost/mali-r25p0/drivers/gpu/arm/midgard/mali_kbase_fence.o
  CC      drivers/misc/mediatek/connectivity/wlan/core/gen4m/mgmt/mddp.o
  CC      drivers/misc/mediatek/video/mt6785/videox/disp_assert_layer.o
  CC      drivers/misc/mediatek/gpu/gpu_mali/mali_bifrost/mali-r25p0/drivers/gpu/arm/midgard/backend/gpu/mali_kbase_cache_policy_backend.o
drivers/misc/mediatek/typec/tcpc/.tmp_pd_policy_engine_dbg.o: no symbols
  CC      drivers/misc/mediatek/video/mt6785/videox/mtkfb.o
  CC      drivers/misc/mediatek/gpu/gpu_mali/mali_bifrost/mali-r25p0/drivers/gpu/arm/midgard/backend/gpu/mali_kbase_device_hw.o
  CC      drivers/misc/mediatek/connectivity/wlan/core/gen4m/mgmt/thrm.o
  CC      drivers/misc/mediatek/video/mt6785/dispsys/ddp_path.o
drivers/misc/mediatek/connectivity/wlan/core/gen4m/mgmt/.tmp_thrm.o: no symbols
  CC      drivers/misc/mediatek/video/mt6785/dispsys/ddp_mutex.o
  CC      drivers/misc/mediatek/connectivity/wlan/core/gen4m/mgmt/mscs.o
  CC      drivers/misc/mediatek/connectivity/wlan/core/gen4m/mgmt/ie_sort.o
drivers/misc/mediatek/typec/tcpc/.tmp_pd_dpm_alt_mode_dc.o: no symbols
  AR      drivers/misc/mediatek/typec/tcpc/built-in.o
  AR      drivers/misc/mediatek/typec/built-in.o
  CC      drivers/misc/mediatek/video/mt6785/videox/mtkfb_fence.o
  CC      drivers/misc/mediatek/gpu/gpu_mali/mali_bifrost/mali-r25p0/drivers/gpu/arm/midgard/backend/gpu/mali_kbase_gpuprops_backend.o
  CC      drivers/misc/mediatek/gpu/gpu_mali/mali_bifrost/mali-r25p0/drivers/gpu/arm/midgard/backend/gpu/mali_kbase_irq_linux.o
  CC      drivers/misc/mediatek/gpu/gpu_mali/mali_bifrost/mali-r25p0/drivers/gpu/arm/midgard/backend/gpu/mali_kbase_instr_backend.o
  CC      drivers/misc/mediatek/video/mt6785/videox/fbconfig_kdebug.o
  CC      drivers/misc/mediatek/gpu/gpu_mali/mali_bifrost/mali-r25p0/drivers/gpu/arm/midgard/backend/gpu/mali_kbase_js_backend.o
  CC      drivers/misc/mediatek/video/mt6785/dispsys/ddp_m4u.o
  CC      drivers/misc/mediatek/video/mt6785/dispsys/ddp_debug.o
drivers/misc/mediatek/connectivity/wlan/core/gen4m/mgmt/.tmp_mddp.o: no symbols
  CC      drivers/misc/mediatek/video/mt6785/videox/mtkfb_vsync.o
  CC      drivers/misc/mediatek/connectivity/wlan/core/gen4m/mgmt/stats.o
  CC      drivers/misc/mediatek/gpu/gpu_mali/mali_bifrost/mali-r25p0/drivers/gpu/arm/midgard/backend/gpu/mali_kbase_pm_backend.o
  CC      drivers/misc/mediatek/video/mt6785/videox/debug.o
  CC      drivers/misc/mediatek/connectivity/wlan/core/gen4m/mgmt/oplus_rlm_domain.o
  CC      drivers/misc/mediatek/connectivity/wlan/core/gen4m/mgmt/p2p_dev_fsm.o
  CC      drivers/misc/mediatek/video/mt6785/dispsys/ddp_dump.o
  CC      drivers/misc/mediatek/gpu/gpu_mali/mali_bifrost/mali-r25p0/drivers/gpu/arm/midgard/backend/gpu/mali_kbase_pm_driver.o
  CC      drivers/misc/mediatek/gpu/gpu_mali/mali_bifrost/mali-r25p0/drivers/gpu/arm/midgard/backend/gpu/mali_kbase_pm_metrics.o
  CC      drivers/misc/mediatek/video/mt6785/dispsys/ddp_manager.o
  CC      drivers/misc/mediatek/gpu/gpu_mali/mali_bifrost/mali-r25p0/drivers/gpu/arm/midgard/backend/gpu/mali_kbase_pm_ca.o
  CC      drivers/misc/mediatek/video/mt6785/dispsys/ddp_irq.o
  CC      drivers/misc/mediatek/video/mt6785/videox/primary_display.o
  CC      drivers/misc/mediatek/gpu/gpu_mali/mali_bifrost/mali-r25p0/drivers/gpu/arm/midgard/backend/gpu/mali_kbase_pm_always_on.o
  CC      drivers/misc/mediatek/video/mt6785/videox/disp_lowpower.o
  CC      drivers/misc/mediatek/gpu/gpu_mali/mali_bifrost/mali-r25p0/drivers/gpu/arm/midgard/backend/gpu/mali_kbase_pm_coarse_demand.o
  CC      drivers/misc/mediatek/connectivity/wlan/core/gen4m/mgmt/p2p_dev_state.o
  CC      drivers/misc/mediatek/gpu/gpu_mali/mali_bifrost/mali-r25p0/drivers/gpu/arm/midgard/backend/gpu/mali_kbase_pm_policy.o
  CC      drivers/misc/mediatek/video/mt6785/dispsys/ddp_info.o
  CC      drivers/misc/mediatek/video/mt6785/videox/disp_recovery.o
  CC      drivers/misc/mediatek/video/mt6785/dispsys/ddp_color_format.o
  CC      drivers/misc/mediatek/connectivity/wlan/core/gen4m/mgmt/p2p_role_fsm.o
  CC      drivers/misc/mediatek/video/mt6785/dispsys/ddp_pwm_mux.o
  CC      drivers/misc/mediatek/connectivity/wlan/core/gen4m/mgmt/p2p_role_state.o
  CC      drivers/misc/mediatek/gpu/gpu_mali/mali_bifrost/mali-r25p0/drivers/gpu/arm/midgard/backend/gpu/mali_kbase_time.o
  CC      drivers/misc/mediatek/gpu/gpu_mali/mali_bifrost/mali-r25p0/drivers/gpu/arm/midgard/backend/gpu/mali_kbase_l2_mmu_config.o
  CC      drivers/misc/mediatek/gpu/gpu_mali/mali_bifrost/mali-r25p0/drivers/gpu/arm/midgard/backend/gpu/mali_kbase_clk_rate_trace_mgr.o
  CC      drivers/misc/mediatek/video/mt6785/dispsys/ddp_misc.o
  CC      drivers/misc/mediatek/video/mt6785/videox/disp_lcm.o
  CC      drivers/misc/mediatek/video/mt6785/dispsys/ddp_mmp.o
  CC      drivers/misc/mediatek/video/mt6785/videox/disp_utils.o
  CC      drivers/misc/mediatek/video/mt6785/dispsys/ddp_met.o
  CC      drivers/misc/mediatek/gpu/gpu_mali/mali_bifrost/mali-r25p0/drivers/gpu/arm/midgard/backend/gpu/mali_kbase_jm_as.o
  CC      drivers/misc/mediatek/gpu/gpu_mali/mali_bifrost/mali-r25p0/drivers/gpu/arm/midgard/backend/gpu/mali_kbase_debug_job_fault_backend.o
  CC      drivers/misc/mediatek/connectivity/wlan/core/gen4m/mgmt/p2p_func.o
  CC      drivers/misc/mediatek/video/mt6785/videox/mtk_disp_mgr.o
  CC      drivers/misc/mediatek/video/mt6785/dispsys/display_recorder.o
  CC      drivers/misc/mediatek/video/mt6785/videox/compat_mtk_disp_mgr.o
  CC      drivers/misc/mediatek/video/mt6785/videox/disp_helper.o
  CC      drivers/misc/mediatek/video/mt6785/videox/disp_dts_gpio.o
  CC      drivers/misc/mediatek/gpu/gpu_mali/mali_bifrost/mali-r25p0/drivers/gpu/arm/midgard/backend/gpu/mali_kbase_jm_hw.o
  CC      drivers/misc/mediatek/connectivity/wlan/core/gen4m/mgmt/p2p_scan.o
drivers/misc/mediatek/gpu/gpu_mali/mali_bifrost/mali-r25p0/drivers/gpu/arm/midgard/backend/gpu/.tmp_mali_kbase_debug_job_fault_backend.o: no symbols
  CC      drivers/misc/mediatek/gpu/gpu_mali/mali_bifrost/mali-r25p0/drivers/gpu/arm/midgard/backend/gpu/mali_kbase_jm_rb.o
  CC      drivers/misc/mediatek/connectivity/wlan/core/gen4m/mgmt/p2p_ie.o
  CC      drivers/misc/mediatek/connectivity/wlan/core/gen4m/mgmt/p2p_rlm.o
  CC      drivers/misc/mediatek/video/mt6785/videox/disp_rect.o
  AR      drivers/misc/mediatek/video/mt6785/dispsys/built-in.o
  CC      drivers/misc/mediatek/video/mt6785/videox/disp_arr.o
  CC      drivers/misc/mediatek/video/mt6785/videox/disp_partial.o
  CC      drivers/misc/mediatek/video/mt6785/videox/mtk_ovl.o
  CC      drivers/misc/mediatek/video/mt6785/videox/layering_rule.o
  CC      drivers/misc/mediatek/video/mt6785/videox/frame_queue.o
  CC      drivers/misc/mediatek/video/mt6785/videox/disp_pm_qos.o
  AR      drivers/misc/mediatek/gpu/gpu_mali/mali_bifrost/mali-r25p0/drivers/gpu/arm/midgard/mali_kbase.o
  CC      drivers/misc/mediatek/video/mt6785/videox/disp_cust.o
  AR      drivers/misc/mediatek/gpu/gpu_mali/mali_bifrost/mali-r25p0/drivers/gpu/arm/midgard/built-in.o
  AR      drivers/misc/mediatek/gpu/gpu_mali/mali_bifrost/built-in.o
  AR      drivers/misc/mediatek/gpu/gpu_mali/built-in.o
  CC      drivers/misc/mediatek/video/mt6785/videox/disp_tphint.o
  AR      drivers/misc/mediatek/gpu/built-in.o
  CC      drivers/misc/mediatek/connectivity/wlan/core/gen4m/mgmt/p2p_assoc.o
  CC      drivers/misc/mediatek/connectivity/wlan/core/gen4m/mgmt/p2p_bss.o
  CC      drivers/misc/mediatek/connectivity/wlan/core/gen4m/mgmt/p2p_rlm_obss.o
  CC      drivers/misc/mediatek/connectivity/wlan/core/gen4m/mgmt/p2p_fsm.o
  CC      drivers/misc/mediatek/connectivity/wlan/core/gen4m/mgmt/wapi.o
  CC      drivers/misc/mediatek/connectivity/wlan/core/gen4m/chips/common/cmm_asic_connac.o
  CC      drivers/misc/mediatek/connectivity/wlan/core/gen4m/chips/common/dbg_connac.o
  CC      drivers/misc/mediatek/connectivity/wlan/core/gen4m/chips/common/fw_dl.o
  CC      drivers/misc/mediatek/connectivity/wlan/core/gen4m/chips/connac/connac.o
  AR      drivers/misc/mediatek/video/mt6785/videox/built-in.o
  AR      drivers/misc/mediatek/video/mt6785/built-in.o
  AR      drivers/misc/mediatek/video/built-in.o
drivers/misc/mediatek/connectivity/wlan/core/gen4m/mgmt/.tmp_p2p_bss.o: no symbols
../drivers/misc/mediatek/connectivity/wlan/core/gen4m/chips/common/fw_dl.c:2402:9: warning: ROM code supports SEM-CTRL for ROM patch download [-W#pragma-messages]
 2402 | #pragma message("ROM code supports SEM-CTRL for ROM patch download")
      |         ^
1 warning generated.
  AR      drivers/misc/mediatek/connectivity/wlan/core/gen4m/wlan_drv_gen4m.o
  AR      drivers/misc/mediatek/connectivity/wlan/core/gen4m/built-in.o
  AR      drivers/misc/mediatek/connectivity/built-in.o
  AR      drivers/misc/mediatek/built-in.o
  AR      drivers/misc/built-in.o
  AR      drivers/built-in.o
  GEN     .version
  CHK     include/generated/compile.h
  UPD     include/generated/compile.h
  CC      init/version.o
  AR      init/built-in.o
  AR      built-in.o
  LTO     vmlinux.o
  MODPOST vmlinux.o
WARNING: modpost: Found 2 section mismatch(es).
To see full details build your kernel with:
'make CONFIG_DEBUG_SECTION_MISMATCH=y'
  KSYM    .tmp_kallsyms1.o
  KSYM    .tmp_kallsyms2.o
  LD      vmlinux
  SORTEX  vmlinux
  SYSMAP  System.map
  OBJCOPY arch/arm64/boot/Image
  Building modules, stage 2.
  MODPOST 0 modules
  GZIP    arch/arm64/boot/Image.gz
  DTC     arch/arm64/boot/dts/mediatek/mt6785.dtb
  CAT     arch/arm64/boot/Image.gz-dtb
make[1]: Leaving directory '/home/luks/android_kernel_realme_mt6785/out'
